2025-04-16 21:21:03,743 [Worker-7: Loading available Gradle versions] INFO  o.e.b.c.i.u.g.PublishedGradleVersions - Gradle version information cache is up-to-date. Trying to read.
2025-04-16 21:25:57,462 [ModalContext] INFO  o.e.m.c.i.e.AbstractTransferListenerAdapter - Downloading https://repo.maven.apache.org/maven2/org/apache/maven/archetypes/maven-archetype-site/1.1/maven-archetype-site-1.1.pom
2025-04-16 21:25:57,498 [ModalContext] INFO  o.e.m.c.i.e.AbstractTransferListenerAdapter - Downloaded https://repo.maven.apache.org/maven2/org/apache/maven/archetypes/maven-archetype-site/1.1/maven-archetype-site-1.1.pom
2025-04-16 21:25:57,581 [ModalContext] INFO  o.e.m.c.i.e.AbstractTransferListenerAdapter - Downloading https://repo.maven.apache.org/maven2/org/apache/maven/archetypes/maven-archetype-site/1.1/maven-archetype-site-1.1.jar
2025-04-16 21:25:57,587 [ModalContext] INFO  o.e.m.c.i.e.AbstractTransferListenerAdapter - Downloaded https://repo.maven.apache.org/maven2/org/apache/maven/archetypes/maven-archetype-site/1.1/maven-archetype-site-1.1.jar
2025-04-16 21:26:21,912 [Worker-60: Launching mavenrun-bc914047-c860-48db-bc05-de56ef004002] INFO  o.eclipse.m2e.core.internal.Bundles - getClasspathEntries(Bundle=org.eclipse.m2e.maven.runtime_3.9.900.20240824-1409 [298])
2025-04-16 21:26:21,914 [Worker-60: Launching mavenrun-bc914047-c860-48db-bc05-de56ef004002] INFO  o.eclipse.m2e.core.internal.Bundles - 	Entry: /Applications/Eclipse.app/Contents/Eclipse/plugins/org.eclipse.m2e.maven.runtime_3.9.900.20240824-1409
2025-04-16 21:26:21,914 [Worker-60: Launching mavenrun-bc914047-c860-48db-bc05-de56ef004002] INFO  o.eclipse.m2e.core.internal.Bundles - 	Entry: /Applications/Eclipse.app/Contents/Eclipse/plugins/org.eclipse.m2e.maven.runtime_3.9.900.20240824-1409/jars/aopalliance-1.0.jar
2025-04-16 21:26:21,914 [Worker-60: Launching mavenrun-bc914047-c860-48db-bc05-de56ef004002] INFO  o.eclipse.m2e.core.internal.Bundles - 	Entry: /Applications/Eclipse.app/Contents/Eclipse/plugins/org.eclipse.m2e.maven.runtime_3.9.900.20240824-1409/jars/guice-5.1.0.jar
2025-04-16 21:26:21,914 [Worker-60: Launching mavenrun-bc914047-c860-48db-bc05-de56ef004002] INFO  o.eclipse.m2e.core.internal.Bundles - 	Entry: /Applications/Eclipse.app/Contents/Eclipse/plugins/org.eclipse.m2e.maven.runtime_3.9.900.20240824-1409/jars/httpclient-4.5.14.jar
2025-04-16 21:26:21,914 [Worker-60: Launching mavenrun-bc914047-c860-48db-bc05-de56ef004002] INFO  o.eclipse.m2e.core.internal.Bundles - 	Entry: /Applications/Eclipse.app/Contents/Eclipse/plugins/org.eclipse.m2e.maven.runtime_3.9.900.20240824-1409/jars/httpcore-4.4.16.jar
2025-04-16 21:26:21,914 [Worker-60: Launching mavenrun-bc914047-c860-48db-bc05-de56ef004002] INFO  o.eclipse.m2e.core.internal.Bundles - 	Entry: /Applications/Eclipse.app/Contents/Eclipse/plugins/org.eclipse.m2e.maven.runtime_3.9.900.20240824-1409/jars/jansi-2.4.1.jar
2025-04-16 21:26:21,914 [Worker-60: Launching mavenrun-bc914047-c860-48db-bc05-de56ef004002] INFO  o.eclipse.m2e.core.internal.Bundles - 	Entry: /Applications/Eclipse.app/Contents/Eclipse/plugins/org.eclipse.m2e.maven.runtime_3.9.900.20240824-1409/jars/jcl-over-slf4j-1.7.36.jar
2025-04-16 21:26:21,914 [Worker-60: Launching mavenrun-bc914047-c860-48db-bc05-de56ef004002] INFO  o.eclipse.m2e.core.internal.Bundles - 	Entry: /Applications/Eclipse.app/Contents/Eclipse/plugins/org.eclipse.m2e.maven.runtime_3.9.900.20240824-1409/jars/maven-artifact-3.9.9.jar
2025-04-16 21:26:21,914 [Worker-60: Launching mavenrun-bc914047-c860-48db-bc05-de56ef004002] INFO  o.eclipse.m2e.core.internal.Bundles - 	Entry: /Applications/Eclipse.app/Contents/Eclipse/plugins/org.eclipse.m2e.maven.runtime_3.9.900.20240824-1409/jars/maven-builder-support-3.9.9.jar
2025-04-16 21:26:21,915 [Worker-60: Launching mavenrun-bc914047-c860-48db-bc05-de56ef004002] INFO  o.eclipse.m2e.core.internal.Bundles - 	Entry: /Applications/Eclipse.app/Contents/Eclipse/plugins/org.eclipse.m2e.maven.runtime_3.9.900.20240824-1409/jars/maven-compat-3.9.9.jar
2025-04-16 21:26:21,915 [Worker-60: Launching mavenrun-bc914047-c860-48db-bc05-de56ef004002] INFO  o.eclipse.m2e.core.internal.Bundles - 	Entry: /Applications/Eclipse.app/Contents/Eclipse/plugins/org.eclipse.m2e.maven.runtime_3.9.900.20240824-1409/jars/maven-core-3.9.9.jar
2025-04-16 21:26:21,915 [Worker-60: Launching mavenrun-bc914047-c860-48db-bc05-de56ef004002] INFO  o.eclipse.m2e.core.internal.Bundles - 	Entry: /Applications/Eclipse.app/Contents/Eclipse/plugins/org.eclipse.m2e.maven.runtime_3.9.900.20240824-1409/jars/maven-embedder-3.9.9.jar
2025-04-16 21:26:21,915 [Worker-60: Launching mavenrun-bc914047-c860-48db-bc05-de56ef004002] INFO  o.eclipse.m2e.core.internal.Bundles - 	Entry: /Applications/Eclipse.app/Contents/Eclipse/plugins/org.eclipse.m2e.maven.runtime_3.9.900.20240824-1409/jars/maven-model-3.9.9.jar
2025-04-16 21:26:21,915 [Worker-60: Launching mavenrun-bc914047-c860-48db-bc05-de56ef004002] INFO  o.eclipse.m2e.core.internal.Bundles - 	Entry: /Applications/Eclipse.app/Contents/Eclipse/plugins/org.eclipse.m2e.maven.runtime_3.9.900.20240824-1409/jars/maven-model-builder-3.9.9.jar
2025-04-16 21:26:21,915 [Worker-60: Launching mavenrun-bc914047-c860-48db-bc05-de56ef004002] INFO  o.eclipse.m2e.core.internal.Bundles - 	Entry: /Applications/Eclipse.app/Contents/Eclipse/plugins/org.eclipse.m2e.maven.runtime_3.9.900.20240824-1409/jars/maven-plugin-api-3.9.9.jar
2025-04-16 21:26:21,915 [Worker-60: Launching mavenrun-bc914047-c860-48db-bc05-de56ef004002] INFO  o.eclipse.m2e.core.internal.Bundles - 	Entry: /Applications/Eclipse.app/Contents/Eclipse/plugins/org.eclipse.m2e.maven.runtime_3.9.900.20240824-1409/jars/maven-repository-metadata-3.9.9.jar
2025-04-16 21:26:21,915 [Worker-60: Launching mavenrun-bc914047-c860-48db-bc05-de56ef004002] INFO  o.eclipse.m2e.core.internal.Bundles - 	Entry: /Applications/Eclipse.app/Contents/Eclipse/plugins/org.eclipse.m2e.maven.runtime_3.9.900.20240824-1409/jars/maven-resolver-api-1.9.22.jar
2025-04-16 21:26:21,915 [Worker-60: Launching mavenrun-bc914047-c860-48db-bc05-de56ef004002] INFO  o.eclipse.m2e.core.internal.Bundles - 	Entry: /Applications/Eclipse.app/Contents/Eclipse/plugins/org.eclipse.m2e.maven.runtime_3.9.900.20240824-1409/jars/maven-resolver-connector-basic-1.9.22.jar
2025-04-16 21:26:21,915 [Worker-60: Launching mavenrun-bc914047-c860-48db-bc05-de56ef004002] INFO  o.eclipse.m2e.core.internal.Bundles - 	Entry: /Applications/Eclipse.app/Contents/Eclipse/plugins/org.eclipse.m2e.maven.runtime_3.9.900.20240824-1409/jars/maven-resolver-impl-1.9.22.jar
2025-04-16 21:26:21,915 [Worker-60: Launching mavenrun-bc914047-c860-48db-bc05-de56ef004002] INFO  o.eclipse.m2e.core.internal.Bundles - 	Entry: /Applications/Eclipse.app/Contents/Eclipse/plugins/org.eclipse.m2e.maven.runtime_3.9.900.20240824-1409/jars/maven-resolver-named-locks-1.9.22.jar
2025-04-16 21:26:21,915 [Worker-60: Launching mavenrun-bc914047-c860-48db-bc05-de56ef004002] INFO  o.eclipse.m2e.core.internal.Bundles - 	Entry: /Applications/Eclipse.app/Contents/Eclipse/plugins/org.eclipse.m2e.maven.runtime_3.9.900.20240824-1409/jars/maven-resolver-provider-3.9.9.jar
2025-04-16 21:26:21,915 [Worker-60: Launching mavenrun-bc914047-c860-48db-bc05-de56ef004002] INFO  o.eclipse.m2e.core.internal.Bundles - 	Entry: /Applications/Eclipse.app/Contents/Eclipse/plugins/org.eclipse.m2e.maven.runtime_3.9.900.20240824-1409/jars/maven-resolver-spi-1.9.22.jar
2025-04-16 21:26:21,915 [Worker-60: Launching mavenrun-bc914047-c860-48db-bc05-de56ef004002] INFO  o.eclipse.m2e.core.internal.Bundles - 	Entry: /Applications/Eclipse.app/Contents/Eclipse/plugins/org.eclipse.m2e.maven.runtime_3.9.900.20240824-1409/jars/maven-resolver-transport-file-1.9.22.jar
2025-04-16 21:26:21,915 [Worker-60: Launching mavenrun-bc914047-c860-48db-bc05-de56ef004002] INFO  o.eclipse.m2e.core.internal.Bundles - 	Entry: /Applications/Eclipse.app/Contents/Eclipse/plugins/org.eclipse.m2e.maven.runtime_3.9.900.20240824-1409/jars/maven-resolver-transport-http-1.9.22.jar
2025-04-16 21:26:21,915 [Worker-60: Launching mavenrun-bc914047-c860-48db-bc05-de56ef004002] INFO  o.eclipse.m2e.core.internal.Bundles - 	Entry: /Applications/Eclipse.app/Contents/Eclipse/plugins/org.eclipse.m2e.maven.runtime_3.9.900.20240824-1409/jars/maven-resolver-transport-wagon-1.9.22.jar
2025-04-16 21:26:21,915 [Worker-60: Launching mavenrun-bc914047-c860-48db-bc05-de56ef004002] INFO  o.eclipse.m2e.core.internal.Bundles - 	Entry: /Applications/Eclipse.app/Contents/Eclipse/plugins/org.eclipse.m2e.maven.runtime_3.9.900.20240824-1409/jars/maven-resolver-util-1.9.22.jar
2025-04-16 21:26:21,915 [Worker-60: Launching mavenrun-bc914047-c860-48db-bc05-de56ef004002] INFO  o.eclipse.m2e.core.internal.Bundles - 	Entry: /Applications/Eclipse.app/Contents/Eclipse/plugins/org.eclipse.m2e.maven.runtime_3.9.900.20240824-1409/jars/maven-settings-3.9.9.jar
2025-04-16 21:26:21,916 [Worker-60: Launching mavenrun-bc914047-c860-48db-bc05-de56ef004002] INFO  o.eclipse.m2e.core.internal.Bundles - 	Entry: /Applications/Eclipse.app/Contents/Eclipse/plugins/org.eclipse.m2e.maven.runtime_3.9.900.20240824-1409/jars/maven-settings-builder-3.9.9.jar
2025-04-16 21:26:21,916 [Worker-60: Launching mavenrun-bc914047-c860-48db-bc05-de56ef004002] INFO  o.eclipse.m2e.core.internal.Bundles - 	Entry: /Applications/Eclipse.app/Contents/Eclipse/plugins/org.eclipse.m2e.maven.runtime_3.9.900.20240824-1409/jars/maven-shared-utils-3.4.2.jar
2025-04-16 21:26:21,917 [Worker-60: Launching mavenrun-bc914047-c860-48db-bc05-de56ef004002] INFO  o.eclipse.m2e.core.internal.Bundles - 	Entry: /Applications/Eclipse.app/Contents/Eclipse/plugins/org.eclipse.m2e.maven.runtime_3.9.900.20240824-1409/jars/org.eclipse.sisu.inject-0.9.0.M3.jar
2025-04-16 21:26:21,917 [Worker-60: Launching mavenrun-bc914047-c860-48db-bc05-de56ef004002] INFO  o.eclipse.m2e.core.internal.Bundles - 	Entry: /Applications/Eclipse.app/Contents/Eclipse/plugins/org.eclipse.m2e.maven.runtime_3.9.900.20240824-1409/jars/org.eclipse.sisu.plexus-0.9.0.M3.jar
2025-04-16 21:26:21,917 [Worker-60: Launching mavenrun-bc914047-c860-48db-bc05-de56ef004002] INFO  o.eclipse.m2e.core.internal.Bundles - 	Entry: /Applications/Eclipse.app/Contents/Eclipse/plugins/org.eclipse.m2e.maven.runtime_3.9.900.20240824-1409/jars/plexus-build-api-0.0.7.jar
2025-04-16 21:26:21,917 [Worker-60: Launching mavenrun-bc914047-c860-48db-bc05-de56ef004002] INFO  o.eclipse.m2e.core.internal.Bundles - 	Entry: /Applications/Eclipse.app/Contents/Eclipse/plugins/org.eclipse.m2e.maven.runtime_3.9.900.20240824-1409/jars/plexus-build-api-1.2.0.jar
2025-04-16 21:26:21,917 [Worker-60: Launching mavenrun-bc914047-c860-48db-bc05-de56ef004002] INFO  o.eclipse.m2e.core.internal.Bundles - 	Entry: /Applications/Eclipse.app/Contents/Eclipse/plugins/org.eclipse.m2e.maven.runtime_3.9.900.20240824-1409/jars/plexus-cipher-2.0.jar
2025-04-16 21:26:21,917 [Worker-60: Launching mavenrun-bc914047-c860-48db-bc05-de56ef004002] INFO  o.eclipse.m2e.core.internal.Bundles - 	Entry: /Applications/Eclipse.app/Contents/Eclipse/plugins/org.eclipse.m2e.maven.runtime_3.9.900.20240824-1409/jars/plexus-classworlds-2.8.0.jar
2025-04-16 21:26:21,917 [Worker-60: Launching mavenrun-bc914047-c860-48db-bc05-de56ef004002] INFO  o.eclipse.m2e.core.internal.Bundles - 	Entry: /Applications/Eclipse.app/Contents/Eclipse/plugins/org.eclipse.m2e.maven.runtime_3.9.900.20240824-1409/jars/plexus-component-annotations-2.1.0.jar
2025-04-16 21:26:21,917 [Worker-60: Launching mavenrun-bc914047-c860-48db-bc05-de56ef004002] INFO  o.eclipse.m2e.core.internal.Bundles - 	Entry: /Applications/Eclipse.app/Contents/Eclipse/plugins/org.eclipse.m2e.maven.runtime_3.9.900.20240824-1409/jars/plexus-interpolation-1.27.jar
2025-04-16 21:26:21,917 [Worker-60: Launching mavenrun-bc914047-c860-48db-bc05-de56ef004002] INFO  o.eclipse.m2e.core.internal.Bundles - 	Entry: /Applications/Eclipse.app/Contents/Eclipse/plugins/org.eclipse.m2e.maven.runtime_3.9.900.20240824-1409/jars/plexus-sec-dispatcher-2.0.jar
2025-04-16 21:26:21,917 [Worker-60: Launching mavenrun-bc914047-c860-48db-bc05-de56ef004002] INFO  o.eclipse.m2e.core.internal.Bundles - 	Entry: /Applications/Eclipse.app/Contents/Eclipse/plugins/org.eclipse.m2e.maven.runtime_3.9.900.20240824-1409/jars/plexus-utils-3.5.1.jar
2025-04-16 21:26:21,917 [Worker-60: Launching mavenrun-bc914047-c860-48db-bc05-de56ef004002] INFO  o.eclipse.m2e.core.internal.Bundles - 	Entry: /Applications/Eclipse.app/Contents/Eclipse/plugins/org.eclipse.m2e.maven.runtime_3.9.900.20240824-1409/jars/plexus-xml-3.0.1.jar
2025-04-16 21:26:21,917 [Worker-60: Launching mavenrun-bc914047-c860-48db-bc05-de56ef004002] INFO  o.eclipse.m2e.core.internal.Bundles - 	Entry: /Applications/Eclipse.app/Contents/Eclipse/plugins/org.eclipse.m2e.maven.runtime_3.9.900.20240824-1409/jars/wagon-file-3.5.3.jar
2025-04-16 21:26:21,917 [Worker-60: Launching mavenrun-bc914047-c860-48db-bc05-de56ef004002] INFO  o.eclipse.m2e.core.internal.Bundles - 	Entry: /Applications/Eclipse.app/Contents/Eclipse/plugins/org.eclipse.m2e.maven.runtime_3.9.900.20240824-1409/jars/wagon-http-3.5.3.jar
2025-04-16 21:26:21,917 [Worker-60: Launching mavenrun-bc914047-c860-48db-bc05-de56ef004002] INFO  o.eclipse.m2e.core.internal.Bundles - 	Entry: /Applications/Eclipse.app/Contents/Eclipse/plugins/org.eclipse.m2e.maven.runtime_3.9.900.20240824-1409/jars/wagon-http-shared-3.5.3.jar
2025-04-16 21:26:21,919 [Worker-60: Launching mavenrun-bc914047-c860-48db-bc05-de56ef004002] INFO  o.eclipse.m2e.core.internal.Bundles - 	Entry: /Applications/Eclipse.app/Contents/Eclipse/plugins/org.eclipse.m2e.maven.runtime_3.9.900.20240824-1409/jars/wagon-provider-api-3.5.3.jar
2025-04-16 21:26:21,922 [Worker-60: Launching mavenrun-bc914047-c860-48db-bc05-de56ef004002] INFO  o.eclipse.m2e.core.internal.Bundles - getClasspathEntries(Bundle=com.google.guava_33.3.1.jre [529])
2025-04-16 21:26:21,923 [Worker-60: Launching mavenrun-bc914047-c860-48db-bc05-de56ef004002] INFO  o.eclipse.m2e.core.internal.Bundles - 	Entry: /Applications/Eclipse.app/Contents/Eclipse/plugins/com.google.guava_33.3.1.jre.jar
2025-04-16 21:26:21,923 [Worker-60: Launching mavenrun-bc914047-c860-48db-bc05-de56ef004002] INFO  o.eclipse.m2e.core.internal.Bundles - getClasspathEntries(Bundle=slf4j.api_2.0.16 [520])
2025-04-16 21:26:21,923 [Worker-60: Launching mavenrun-bc914047-c860-48db-bc05-de56ef004002] INFO  o.eclipse.m2e.core.internal.Bundles - 	Entry: /Applications/Eclipse.app/Contents/Eclipse/plugins/slf4j.api_2.0.16.jar
2025-04-16 21:26:21,923 [Worker-60: Launching mavenrun-bc914047-c860-48db-bc05-de56ef004002] INFO  o.eclipse.m2e.core.internal.Bundles - getClasspathEntries(Bundle=jakarta.inject.jakarta.inject-api_1.0.5 [22])
2025-04-16 21:26:21,923 [Worker-60: Launching mavenrun-bc914047-c860-48db-bc05-de56ef004002] INFO  o.eclipse.m2e.core.internal.Bundles - 	Entry: /Applications/Eclipse.app/Contents/Eclipse/plugins/jakarta.inject.jakarta.inject-api_1.0.5.jar
2025-04-16 21:26:21,923 [Worker-60: Launching mavenrun-bc914047-c860-48db-bc05-de56ef004002] INFO  o.eclipse.m2e.core.internal.Bundles - getClasspathEntries(Bundle=jakarta.annotation-api_1.3.5 [20])
2025-04-16 21:26:21,923 [Worker-60: Launching mavenrun-bc914047-c860-48db-bc05-de56ef004002] INFO  o.eclipse.m2e.core.internal.Bundles - 	Entry: /Applications/Eclipse.app/Contents/Eclipse/plugins/jakarta.annotation-api_1.3.5.jar
2025-04-16 21:26:21,923 [Worker-60: Launching mavenrun-bc914047-c860-48db-bc05-de56ef004002] INFO  o.eclipse.m2e.core.internal.Bundles - getClasspathEntries(Bundle=org.apache.commons.cli_1.9.0 [47])
2025-04-16 21:26:21,923 [Worker-60: Launching mavenrun-bc914047-c860-48db-bc05-de56ef004002] INFO  o.eclipse.m2e.core.internal.Bundles - 	Entry: /Applications/Eclipse.app/Contents/Eclipse/plugins/org.apache.commons.cli_1.9.0.jar
2025-04-16 21:26:21,923 [Worker-60: Launching mavenrun-bc914047-c860-48db-bc05-de56ef004002] INFO  o.eclipse.m2e.core.internal.Bundles - getClasspathEntries(Bundle=org.apache.commons.commons-codec_1.16.0 [50])
2025-04-16 21:26:21,923 [Worker-60: Launching mavenrun-bc914047-c860-48db-bc05-de56ef004002] INFO  o.eclipse.m2e.core.internal.Bundles - 	Entry: /Applications/Eclipse.app/Contents/Eclipse/plugins/org.apache.commons.commons-codec_1.16.0.jar
2025-04-16 21:26:21,923 [Worker-60: Launching mavenrun-bc914047-c860-48db-bc05-de56ef004002] INFO  o.eclipse.m2e.core.internal.Bundles - getClasspathEntries(Bundle=com.google.guava.failureaccess_1.0.2 [11])
2025-04-16 21:26:21,923 [Worker-60: Launching mavenrun-bc914047-c860-48db-bc05-de56ef004002] INFO  o.eclipse.m2e.core.internal.Bundles - 	Entry: /Applications/Eclipse.app/Contents/Eclipse/plugins/com.google.guava.failureaccess_1.0.2.jar
2025-04-16 21:26:21,930 [Worker-60: Launching mavenrun-bc914047-c860-48db-bc05-de56ef004002] INFO  o.e.m.i.launch.MavenLaunchDelegate - Run build in "/var/folders/rl/ytnk6vbs63s76j7737gxs7v00000gn/T/m2e-archetypeGenerator7300995041191523974":
2025-04-16 21:26:21,935 [Worker-60: Launching mavenrun-bc914047-c860-48db-bc05-de56ef004002] INFO  o.e.m.i.launch.MavenLaunchDelegate -  mvn  -DarchetypeGroupId=org.apache.maven.archetypes -DarchetypeArtifactId=maven-archetype-site -DarchetypeVersion=1.1 -DgroupId=seleniumProjects -DartifactId=seleniumProjects -Dversion=0.0.1-SNAPSHOT -Dpackage=seleniumProjects.seleniumProjects -DoutputDirectory=/Volumes/Renuka/Training_Materials/SA2411063_CapstoneProjects -Dstyle.color=always -U archetype:generate
2025-04-16 21:26:34,371 [Worker-54: Creating maven-archetype-site] INFO  o.e.m.c.i.p.ProjectConfigurationManager - Collecting project info '/pom.xml' /Volumes/Renuka/Training_Materials/SA2411063_CapstoneProjects/seleniumProjects/pom.xml
2025-04-16 21:26:34,987 [Worker-54: Creating maven-archetype-site] INFO  o.e.m.c.i.l.LifecycleMappingFactory - Using org.eclipse.m2e.jdt.JarLifecycleMapping lifecycle mapping for MavenProject: seleniumProjects:seleniumProjects:0.0.1-SNAPSHOT @ /Volumes/Renuka/Training_Materials/SA2411063_CapstoneProjects/seleniumProjects/pom.xml.
2025-04-16 21:26:35,543 [Worker-54: Creating maven-archetype-site] INFO  o.e.m.j.i.AbstractJavaProjectConfigurator - Adding source folder /seleniumProjects/src/main/java
2025-04-16 21:26:35,545 [Worker-54: Creating maven-archetype-site] INFO  o.e.m.j.i.AbstractJavaProjectConfigurator - Adding resource folder /seleniumProjects/src/main/resources
2025-04-16 21:26:35,546 [Worker-54: Creating maven-archetype-site] INFO  o.e.m.j.i.AbstractJavaProjectConfigurator - Adding source folder /seleniumProjects/src/test/java
2025-04-16 21:26:35,546 [Worker-54: Creating maven-archetype-site] INFO  o.e.m.j.i.AbstractJavaProjectConfigurator - Adding resource folder /seleniumProjects/src/test/resources
2025-04-16 21:26:35,661 [Worker-54: Creating maven-archetype-site] INFO  o.e.m.c.i.p.ProjectConfigurationManager - Imported and configured 1 project(s) in 1 sec
2025-04-16 21:26:37,149 [Worker-57: Building] INFO  o.a.m.s.f.DefaultMavenResourcesFiltering - skip non existing resourceDirectory /Volumes/Renuka/Training_Materials/SA2411063_CapstoneProjects/seleniumProjects/src/main/resources
2025-04-16 21:26:37,166 [Worker-57: Building] INFO  o.a.m.s.f.DefaultMavenResourcesFiltering - skip non existing resourceDirectory /Volumes/Renuka/Training_Materials/SA2411063_CapstoneProjects/seleniumProjects/src/test/resources
2025-04-16 21:27:27,308 [ModalContext] INFO  o.e.m.c.i.e.AbstractTransferListenerAdapter - Downloading https://repo.maven.apache.org/maven2/io/cucumber/cucumber-archetype/7.21.1/cucumber-archetype-7.21.1.pom
2025-04-16 21:27:27,346 [ModalContext] INFO  o.e.m.c.i.e.AbstractTransferListenerAdapter - Downloaded https://repo.maven.apache.org/maven2/io/cucumber/cucumber-archetype/7.21.1/cucumber-archetype-7.21.1.pom
2025-04-16 21:27:27,390 [ModalContext] INFO  o.e.m.c.i.e.AbstractTransferListenerAdapter - Downloading https://repo.maven.apache.org/maven2/io/cucumber/cucumber-jvm/7.21.1/cucumber-jvm-7.21.1.pom
2025-04-16 21:27:27,406 [ModalContext] INFO  o.e.m.c.i.e.AbstractTransferListenerAdapter - Downloaded https://repo.maven.apache.org/maven2/io/cucumber/cucumber-jvm/7.21.1/cucumber-jvm-7.21.1.pom
2025-04-16 21:27:27,477 [ModalContext] INFO  o.e.m.c.i.e.AbstractTransferListenerAdapter - Downloading https://repo.maven.apache.org/maven2/io/cucumber/cucumber-bom/7.21.1/cucumber-bom-7.21.1.pom
2025-04-16 21:27:27,484 [ModalContext] INFO  o.e.m.c.i.e.AbstractTransferListenerAdapter - Downloaded https://repo.maven.apache.org/maven2/io/cucumber/cucumber-bom/7.21.1/cucumber-bom-7.21.1.pom
2025-04-16 21:27:27,543 [ModalContext] INFO  o.e.m.c.i.e.AbstractTransferListenerAdapter - Downloading https://repo.maven.apache.org/maven2/org/junit/junit-bom/5.11.4/junit-bom-5.11.4.pom
2025-04-16 21:27:27,545 [ModalContext] INFO  o.e.m.c.i.e.AbstractTransferListenerAdapter - Downloaded https://repo.maven.apache.org/maven2/org/junit/junit-bom/5.11.4/junit-bom-5.11.4.pom
2025-04-16 21:27:27,574 [ModalContext] INFO  o.e.m.c.i.e.AbstractTransferListenerAdapter - Downloading https://repo.maven.apache.org/maven2/org/assertj/assertj-bom/3.27.3/assertj-bom-3.27.3.pom
2025-04-16 21:27:27,575 [ModalContext] INFO  o.e.m.c.i.e.AbstractTransferListenerAdapter - Downloaded https://repo.maven.apache.org/maven2/org/assertj/assertj-bom/3.27.3/assertj-bom-3.27.3.pom
2025-04-16 21:27:27,625 [ModalContext] INFO  o.e.m.c.i.e.AbstractTransferListenerAdapter - Downloading https://repo.maven.apache.org/maven2/io/cucumber/cucumber-archetype/7.21.1/cucumber-archetype-7.21.1.jar
2025-04-16 21:27:27,628 [ModalContext] INFO  o.e.m.c.i.e.AbstractTransferListenerAdapter - Downloaded https://repo.maven.apache.org/maven2/io/cucumber/cucumber-archetype/7.21.1/cucumber-archetype-7.21.1.jar
2025-04-16 21:27:48,538 [Worker-65: Launching mavenrun-1b81e9a8-7782-4b28-bfb6-d06cf82033dc] INFO  o.eclipse.m2e.core.internal.Bundles - getClasspathEntries(Bundle=org.eclipse.m2e.maven.runtime_3.9.900.20240824-1409 [298])
2025-04-16 21:27:48,541 [Worker-65: Launching mavenrun-1b81e9a8-7782-4b28-bfb6-d06cf82033dc] INFO  o.eclipse.m2e.core.internal.Bundles - 	Entry: /Applications/Eclipse.app/Contents/Eclipse/plugins/org.eclipse.m2e.maven.runtime_3.9.900.20240824-1409
2025-04-16 21:27:48,545 [Worker-65: Launching mavenrun-1b81e9a8-7782-4b28-bfb6-d06cf82033dc] INFO  o.eclipse.m2e.core.internal.Bundles - 	Entry: /Applications/Eclipse.app/Contents/Eclipse/plugins/org.eclipse.m2e.maven.runtime_3.9.900.20240824-1409/jars/aopalliance-1.0.jar
2025-04-16 21:27:48,546 [Worker-65: Launching mavenrun-1b81e9a8-7782-4b28-bfb6-d06cf82033dc] INFO  o.eclipse.m2e.core.internal.Bundles - 	Entry: /Applications/Eclipse.app/Contents/Eclipse/plugins/org.eclipse.m2e.maven.runtime_3.9.900.20240824-1409/jars/guice-5.1.0.jar
2025-04-16 21:27:48,546 [Worker-65: Launching mavenrun-1b81e9a8-7782-4b28-bfb6-d06cf82033dc] INFO  o.eclipse.m2e.core.internal.Bundles - 	Entry: /Applications/Eclipse.app/Contents/Eclipse/plugins/org.eclipse.m2e.maven.runtime_3.9.900.20240824-1409/jars/httpclient-4.5.14.jar
2025-04-16 21:27:48,546 [Worker-65: Launching mavenrun-1b81e9a8-7782-4b28-bfb6-d06cf82033dc] INFO  o.eclipse.m2e.core.internal.Bundles - 	Entry: /Applications/Eclipse.app/Contents/Eclipse/plugins/org.eclipse.m2e.maven.runtime_3.9.900.20240824-1409/jars/httpcore-4.4.16.jar
2025-04-16 21:27:48,546 [Worker-65: Launching mavenrun-1b81e9a8-7782-4b28-bfb6-d06cf82033dc] INFO  o.eclipse.m2e.core.internal.Bundles - 	Entry: /Applications/Eclipse.app/Contents/Eclipse/plugins/org.eclipse.m2e.maven.runtime_3.9.900.20240824-1409/jars/jansi-2.4.1.jar
2025-04-16 21:27:48,546 [Worker-65: Launching mavenrun-1b81e9a8-7782-4b28-bfb6-d06cf82033dc] INFO  o.eclipse.m2e.core.internal.Bundles - 	Entry: /Applications/Eclipse.app/Contents/Eclipse/plugins/org.eclipse.m2e.maven.runtime_3.9.900.20240824-1409/jars/jcl-over-slf4j-1.7.36.jar
2025-04-16 21:27:48,547 [Worker-65: Launching mavenrun-1b81e9a8-7782-4b28-bfb6-d06cf82033dc] INFO  o.eclipse.m2e.core.internal.Bundles - 	Entry: /Applications/Eclipse.app/Contents/Eclipse/plugins/org.eclipse.m2e.maven.runtime_3.9.900.20240824-1409/jars/maven-artifact-3.9.9.jar
2025-04-16 21:27:48,547 [Worker-65: Launching mavenrun-1b81e9a8-7782-4b28-bfb6-d06cf82033dc] INFO  o.eclipse.m2e.core.internal.Bundles - 	Entry: /Applications/Eclipse.app/Contents/Eclipse/plugins/org.eclipse.m2e.maven.runtime_3.9.900.20240824-1409/jars/maven-builder-support-3.9.9.jar
2025-04-16 21:27:48,547 [Worker-65: Launching mavenrun-1b81e9a8-7782-4b28-bfb6-d06cf82033dc] INFO  o.eclipse.m2e.core.internal.Bundles - 	Entry: /Applications/Eclipse.app/Contents/Eclipse/plugins/org.eclipse.m2e.maven.runtime_3.9.900.20240824-1409/jars/maven-compat-3.9.9.jar
2025-04-16 21:27:48,547 [Worker-65: Launching mavenrun-1b81e9a8-7782-4b28-bfb6-d06cf82033dc] INFO  o.eclipse.m2e.core.internal.Bundles - 	Entry: /Applications/Eclipse.app/Contents/Eclipse/plugins/org.eclipse.m2e.maven.runtime_3.9.900.20240824-1409/jars/maven-core-3.9.9.jar
2025-04-16 21:27:48,548 [Worker-65: Launching mavenrun-1b81e9a8-7782-4b28-bfb6-d06cf82033dc] INFO  o.eclipse.m2e.core.internal.Bundles - 	Entry: /Applications/Eclipse.app/Contents/Eclipse/plugins/org.eclipse.m2e.maven.runtime_3.9.900.20240824-1409/jars/maven-embedder-3.9.9.jar
2025-04-16 21:27:48,549 [Worker-65: Launching mavenrun-1b81e9a8-7782-4b28-bfb6-d06cf82033dc] INFO  o.eclipse.m2e.core.internal.Bundles - 	Entry: /Applications/Eclipse.app/Contents/Eclipse/plugins/org.eclipse.m2e.maven.runtime_3.9.900.20240824-1409/jars/maven-model-3.9.9.jar
2025-04-16 21:27:48,551 [Worker-65: Launching mavenrun-1b81e9a8-7782-4b28-bfb6-d06cf82033dc] INFO  o.eclipse.m2e.core.internal.Bundles - 	Entry: /Applications/Eclipse.app/Contents/Eclipse/plugins/org.eclipse.m2e.maven.runtime_3.9.900.20240824-1409/jars/maven-model-builder-3.9.9.jar
2025-04-16 21:27:48,551 [Worker-65: Launching mavenrun-1b81e9a8-7782-4b28-bfb6-d06cf82033dc] INFO  o.eclipse.m2e.core.internal.Bundles - 	Entry: /Applications/Eclipse.app/Contents/Eclipse/plugins/org.eclipse.m2e.maven.runtime_3.9.900.20240824-1409/jars/maven-plugin-api-3.9.9.jar
2025-04-16 21:27:48,551 [Worker-65: Launching mavenrun-1b81e9a8-7782-4b28-bfb6-d06cf82033dc] INFO  o.eclipse.m2e.core.internal.Bundles - 	Entry: /Applications/Eclipse.app/Contents/Eclipse/plugins/org.eclipse.m2e.maven.runtime_3.9.900.20240824-1409/jars/maven-repository-metadata-3.9.9.jar
2025-04-16 21:27:48,551 [Worker-65: Launching mavenrun-1b81e9a8-7782-4b28-bfb6-d06cf82033dc] INFO  o.eclipse.m2e.core.internal.Bundles - 	Entry: /Applications/Eclipse.app/Contents/Eclipse/plugins/org.eclipse.m2e.maven.runtime_3.9.900.20240824-1409/jars/maven-resolver-api-1.9.22.jar
2025-04-16 21:27:48,551 [Worker-65: Launching mavenrun-1b81e9a8-7782-4b28-bfb6-d06cf82033dc] INFO  o.eclipse.m2e.core.internal.Bundles - 	Entry: /Applications/Eclipse.app/Contents/Eclipse/plugins/org.eclipse.m2e.maven.runtime_3.9.900.20240824-1409/jars/maven-resolver-connector-basic-1.9.22.jar
2025-04-16 21:27:48,551 [Worker-65: Launching mavenrun-1b81e9a8-7782-4b28-bfb6-d06cf82033dc] INFO  o.eclipse.m2e.core.internal.Bundles - 	Entry: /Applications/Eclipse.app/Contents/Eclipse/plugins/org.eclipse.m2e.maven.runtime_3.9.900.20240824-1409/jars/maven-resolver-impl-1.9.22.jar
2025-04-16 21:27:48,551 [Worker-65: Launching mavenrun-1b81e9a8-7782-4b28-bfb6-d06cf82033dc] INFO  o.eclipse.m2e.core.internal.Bundles - 	Entry: /Applications/Eclipse.app/Contents/Eclipse/plugins/org.eclipse.m2e.maven.runtime_3.9.900.20240824-1409/jars/maven-resolver-named-locks-1.9.22.jar
2025-04-16 21:27:48,551 [Worker-65: Launching mavenrun-1b81e9a8-7782-4b28-bfb6-d06cf82033dc] INFO  o.eclipse.m2e.core.internal.Bundles - 	Entry: /Applications/Eclipse.app/Contents/Eclipse/plugins/org.eclipse.m2e.maven.runtime_3.9.900.20240824-1409/jars/maven-resolver-provider-3.9.9.jar
2025-04-16 21:27:48,551 [Worker-65: Launching mavenrun-1b81e9a8-7782-4b28-bfb6-d06cf82033dc] INFO  o.eclipse.m2e.core.internal.Bundles - 	Entry: /Applications/Eclipse.app/Contents/Eclipse/plugins/org.eclipse.m2e.maven.runtime_3.9.900.20240824-1409/jars/maven-resolver-spi-1.9.22.jar
2025-04-16 21:27:48,552 [Worker-65: Launching mavenrun-1b81e9a8-7782-4b28-bfb6-d06cf82033dc] INFO  o.eclipse.m2e.core.internal.Bundles - 	Entry: /Applications/Eclipse.app/Contents/Eclipse/plugins/org.eclipse.m2e.maven.runtime_3.9.900.20240824-1409/jars/maven-resolver-transport-file-1.9.22.jar
2025-04-16 21:27:48,553 [Worker-65: Launching mavenrun-1b81e9a8-7782-4b28-bfb6-d06cf82033dc] INFO  o.eclipse.m2e.core.internal.Bundles - 	Entry: /Applications/Eclipse.app/Contents/Eclipse/plugins/org.eclipse.m2e.maven.runtime_3.9.900.20240824-1409/jars/maven-resolver-transport-http-1.9.22.jar
2025-04-16 21:27:48,554 [Worker-65: Launching mavenrun-1b81e9a8-7782-4b28-bfb6-d06cf82033dc] INFO  o.eclipse.m2e.core.internal.Bundles - 	Entry: /Applications/Eclipse.app/Contents/Eclipse/plugins/org.eclipse.m2e.maven.runtime_3.9.900.20240824-1409/jars/maven-resolver-transport-wagon-1.9.22.jar
2025-04-16 21:27:48,554 [Worker-65: Launching mavenrun-1b81e9a8-7782-4b28-bfb6-d06cf82033dc] INFO  o.eclipse.m2e.core.internal.Bundles - 	Entry: /Applications/Eclipse.app/Contents/Eclipse/plugins/org.eclipse.m2e.maven.runtime_3.9.900.20240824-1409/jars/maven-resolver-util-1.9.22.jar
2025-04-16 21:27:48,554 [Worker-65: Launching mavenrun-1b81e9a8-7782-4b28-bfb6-d06cf82033dc] INFO  o.eclipse.m2e.core.internal.Bundles - 	Entry: /Applications/Eclipse.app/Contents/Eclipse/plugins/org.eclipse.m2e.maven.runtime_3.9.900.20240824-1409/jars/maven-settings-3.9.9.jar
2025-04-16 21:27:48,554 [Worker-65: Launching mavenrun-1b81e9a8-7782-4b28-bfb6-d06cf82033dc] INFO  o.eclipse.m2e.core.internal.Bundles - 	Entry: /Applications/Eclipse.app/Contents/Eclipse/plugins/org.eclipse.m2e.maven.runtime_3.9.900.20240824-1409/jars/maven-settings-builder-3.9.9.jar
2025-04-16 21:27:48,554 [Worker-65: Launching mavenrun-1b81e9a8-7782-4b28-bfb6-d06cf82033dc] INFO  o.eclipse.m2e.core.internal.Bundles - 	Entry: /Applications/Eclipse.app/Contents/Eclipse/plugins/org.eclipse.m2e.maven.runtime_3.9.900.20240824-1409/jars/maven-shared-utils-3.4.2.jar
2025-04-16 21:27:48,554 [Worker-65: Launching mavenrun-1b81e9a8-7782-4b28-bfb6-d06cf82033dc] INFO  o.eclipse.m2e.core.internal.Bundles - 	Entry: /Applications/Eclipse.app/Contents/Eclipse/plugins/org.eclipse.m2e.maven.runtime_3.9.900.20240824-1409/jars/org.eclipse.sisu.inject-0.9.0.M3.jar
2025-04-16 21:27:48,554 [Worker-65: Launching mavenrun-1b81e9a8-7782-4b28-bfb6-d06cf82033dc] INFO  o.eclipse.m2e.core.internal.Bundles - 	Entry: /Applications/Eclipse.app/Contents/Eclipse/plugins/org.eclipse.m2e.maven.runtime_3.9.900.20240824-1409/jars/org.eclipse.sisu.plexus-0.9.0.M3.jar
2025-04-16 21:27:48,554 [Worker-65: Launching mavenrun-1b81e9a8-7782-4b28-bfb6-d06cf82033dc] INFO  o.eclipse.m2e.core.internal.Bundles - 	Entry: /Applications/Eclipse.app/Contents/Eclipse/plugins/org.eclipse.m2e.maven.runtime_3.9.900.20240824-1409/jars/plexus-build-api-0.0.7.jar
2025-04-16 21:27:48,554 [Worker-65: Launching mavenrun-1b81e9a8-7782-4b28-bfb6-d06cf82033dc] INFO  o.eclipse.m2e.core.internal.Bundles - 	Entry: /Applications/Eclipse.app/Contents/Eclipse/plugins/org.eclipse.m2e.maven.runtime_3.9.900.20240824-1409/jars/plexus-build-api-1.2.0.jar
2025-04-16 21:27:48,555 [Worker-65: Launching mavenrun-1b81e9a8-7782-4b28-bfb6-d06cf82033dc] INFO  o.eclipse.m2e.core.internal.Bundles - 	Entry: /Applications/Eclipse.app/Contents/Eclipse/plugins/org.eclipse.m2e.maven.runtime_3.9.900.20240824-1409/jars/plexus-cipher-2.0.jar
2025-04-16 21:27:48,555 [Worker-65: Launching mavenrun-1b81e9a8-7782-4b28-bfb6-d06cf82033dc] INFO  o.eclipse.m2e.core.internal.Bundles - 	Entry: /Applications/Eclipse.app/Contents/Eclipse/plugins/org.eclipse.m2e.maven.runtime_3.9.900.20240824-1409/jars/plexus-classworlds-2.8.0.jar
2025-04-16 21:27:48,555 [Worker-65: Launching mavenrun-1b81e9a8-7782-4b28-bfb6-d06cf82033dc] INFO  o.eclipse.m2e.core.internal.Bundles - 	Entry: /Applications/Eclipse.app/Contents/Eclipse/plugins/org.eclipse.m2e.maven.runtime_3.9.900.20240824-1409/jars/plexus-component-annotations-2.1.0.jar
2025-04-16 21:27:48,556 [Worker-65: Launching mavenrun-1b81e9a8-7782-4b28-bfb6-d06cf82033dc] INFO  o.eclipse.m2e.core.internal.Bundles - 	Entry: /Applications/Eclipse.app/Contents/Eclipse/plugins/org.eclipse.m2e.maven.runtime_3.9.900.20240824-1409/jars/plexus-interpolation-1.27.jar
2025-04-16 21:27:48,557 [Worker-65: Launching mavenrun-1b81e9a8-7782-4b28-bfb6-d06cf82033dc] INFO  o.eclipse.m2e.core.internal.Bundles - 	Entry: /Applications/Eclipse.app/Contents/Eclipse/plugins/org.eclipse.m2e.maven.runtime_3.9.900.20240824-1409/jars/plexus-sec-dispatcher-2.0.jar
2025-04-16 21:27:48,558 [Worker-65: Launching mavenrun-1b81e9a8-7782-4b28-bfb6-d06cf82033dc] INFO  o.eclipse.m2e.core.internal.Bundles - 	Entry: /Applications/Eclipse.app/Contents/Eclipse/plugins/org.eclipse.m2e.maven.runtime_3.9.900.20240824-1409/jars/plexus-utils-3.5.1.jar
2025-04-16 21:27:48,559 [Worker-65: Launching mavenrun-1b81e9a8-7782-4b28-bfb6-d06cf82033dc] INFO  o.eclipse.m2e.core.internal.Bundles - 	Entry: /Applications/Eclipse.app/Contents/Eclipse/plugins/org.eclipse.m2e.maven.runtime_3.9.900.20240824-1409/jars/plexus-xml-3.0.1.jar
2025-04-16 21:27:48,559 [Worker-65: Launching mavenrun-1b81e9a8-7782-4b28-bfb6-d06cf82033dc] INFO  o.eclipse.m2e.core.internal.Bundles - 	Entry: /Applications/Eclipse.app/Contents/Eclipse/plugins/org.eclipse.m2e.maven.runtime_3.9.900.20240824-1409/jars/wagon-file-3.5.3.jar
2025-04-16 21:27:48,560 [Worker-65: Launching mavenrun-1b81e9a8-7782-4b28-bfb6-d06cf82033dc] INFO  o.eclipse.m2e.core.internal.Bundles - 	Entry: /Applications/Eclipse.app/Contents/Eclipse/plugins/org.eclipse.m2e.maven.runtime_3.9.900.20240824-1409/jars/wagon-http-3.5.3.jar
2025-04-16 21:27:48,560 [Worker-65: Launching mavenrun-1b81e9a8-7782-4b28-bfb6-d06cf82033dc] INFO  o.eclipse.m2e.core.internal.Bundles - 	Entry: /Applications/Eclipse.app/Contents/Eclipse/plugins/org.eclipse.m2e.maven.runtime_3.9.900.20240824-1409/jars/wagon-http-shared-3.5.3.jar
2025-04-16 21:27:48,560 [Worker-65: Launching mavenrun-1b81e9a8-7782-4b28-bfb6-d06cf82033dc] INFO  o.eclipse.m2e.core.internal.Bundles - 	Entry: /Applications/Eclipse.app/Contents/Eclipse/plugins/org.eclipse.m2e.maven.runtime_3.9.900.20240824-1409/jars/wagon-provider-api-3.5.3.jar
2025-04-16 21:27:48,562 [Worker-65: Launching mavenrun-1b81e9a8-7782-4b28-bfb6-d06cf82033dc] INFO  o.eclipse.m2e.core.internal.Bundles - getClasspathEntries(Bundle=com.google.guava_33.3.1.jre [529])
2025-04-16 21:27:48,562 [Worker-65: Launching mavenrun-1b81e9a8-7782-4b28-bfb6-d06cf82033dc] INFO  o.eclipse.m2e.core.internal.Bundles - 	Entry: /Applications/Eclipse.app/Contents/Eclipse/plugins/com.google.guava_33.3.1.jre.jar
2025-04-16 21:27:48,562 [Worker-65: Launching mavenrun-1b81e9a8-7782-4b28-bfb6-d06cf82033dc] INFO  o.eclipse.m2e.core.internal.Bundles - getClasspathEntries(Bundle=slf4j.api_2.0.16 [520])
2025-04-16 21:27:48,562 [Worker-65: Launching mavenrun-1b81e9a8-7782-4b28-bfb6-d06cf82033dc] INFO  o.eclipse.m2e.core.internal.Bundles - 	Entry: /Applications/Eclipse.app/Contents/Eclipse/plugins/slf4j.api_2.0.16.jar
2025-04-16 21:27:48,562 [Worker-65: Launching mavenrun-1b81e9a8-7782-4b28-bfb6-d06cf82033dc] INFO  o.eclipse.m2e.core.internal.Bundles - getClasspathEntries(Bundle=jakarta.inject.jakarta.inject-api_1.0.5 [22])
2025-04-16 21:27:48,562 [Worker-65: Launching mavenrun-1b81e9a8-7782-4b28-bfb6-d06cf82033dc] INFO  o.eclipse.m2e.core.internal.Bundles - 	Entry: /Applications/Eclipse.app/Contents/Eclipse/plugins/jakarta.inject.jakarta.inject-api_1.0.5.jar
2025-04-16 21:27:48,562 [Worker-65: Launching mavenrun-1b81e9a8-7782-4b28-bfb6-d06cf82033dc] INFO  o.eclipse.m2e.core.internal.Bundles - getClasspathEntries(Bundle=jakarta.annotation-api_1.3.5 [20])
2025-04-16 21:27:48,562 [Worker-65: Launching mavenrun-1b81e9a8-7782-4b28-bfb6-d06cf82033dc] INFO  o.eclipse.m2e.core.internal.Bundles - 	Entry: /Applications/Eclipse.app/Contents/Eclipse/plugins/jakarta.annotation-api_1.3.5.jar
2025-04-16 21:27:48,562 [Worker-65: Launching mavenrun-1b81e9a8-7782-4b28-bfb6-d06cf82033dc] INFO  o.eclipse.m2e.core.internal.Bundles - getClasspathEntries(Bundle=org.apache.commons.cli_1.9.0 [47])
2025-04-16 21:27:48,562 [Worker-65: Launching mavenrun-1b81e9a8-7782-4b28-bfb6-d06cf82033dc] INFO  o.eclipse.m2e.core.internal.Bundles - 	Entry: /Applications/Eclipse.app/Contents/Eclipse/plugins/org.apache.commons.cli_1.9.0.jar
2025-04-16 21:27:48,562 [Worker-65: Launching mavenrun-1b81e9a8-7782-4b28-bfb6-d06cf82033dc] INFO  o.eclipse.m2e.core.internal.Bundles - getClasspathEntries(Bundle=org.apache.commons.commons-codec_1.16.0 [50])
2025-04-16 21:27:48,562 [Worker-65: Launching mavenrun-1b81e9a8-7782-4b28-bfb6-d06cf82033dc] INFO  o.eclipse.m2e.core.internal.Bundles - 	Entry: /Applications/Eclipse.app/Contents/Eclipse/plugins/org.apache.commons.commons-codec_1.16.0.jar
2025-04-16 21:27:48,562 [Worker-65: Launching mavenrun-1b81e9a8-7782-4b28-bfb6-d06cf82033dc] INFO  o.eclipse.m2e.core.internal.Bundles - getClasspathEntries(Bundle=com.google.guava.failureaccess_1.0.2 [11])
2025-04-16 21:27:48,563 [Worker-65: Launching mavenrun-1b81e9a8-7782-4b28-bfb6-d06cf82033dc] INFO  o.eclipse.m2e.core.internal.Bundles - 	Entry: /Applications/Eclipse.app/Contents/Eclipse/plugins/com.google.guava.failureaccess_1.0.2.jar
2025-04-16 21:27:48,568 [Worker-65: Launching mavenrun-1b81e9a8-7782-4b28-bfb6-d06cf82033dc] INFO  o.e.m.i.launch.MavenLaunchDelegate - Run build in "/var/folders/rl/ytnk6vbs63s76j7737gxs7v00000gn/T/m2e-archetypeGenerator10687267999443162110":
2025-04-16 21:27:48,569 [Worker-65: Launching mavenrun-1b81e9a8-7782-4b28-bfb6-d06cf82033dc] INFO  o.e.m.i.launch.MavenLaunchDelegate -  mvn  -DarchetypeGroupId=io.cucumber -DarchetypeArtifactId=cucumber-archetype -DarchetypeVersion=7.21.1 -DgroupId=capstonProject_SA2411063 -DartifactId=capston -Dversion=0.0.1-SNAPSHOT -Dpackage=capstonProject_SA2411063.capston -DoutputDirectory=/Volumes/Renuka/Training_Materials/SA2411063_CapstoneProjects -Dstyle.color=always -U archetype:generate
2025-04-16 21:27:57,505 [Worker-54: Creating cucumber-archetype] INFO  o.e.m.c.i.p.ProjectConfigurationManager - Collecting project info '/pom.xml' /Volumes/Renuka/Training_Materials/SA2411063_CapstoneProjects/capston/pom.xml
2025-04-16 21:27:57,739 [Worker-54: Creating cucumber-archetype] INFO  o.e.m.c.i.e.AbstractTransferListenerAdapter - Downloading https://repo.maven.apache.org/maven2/org/apache/maven/plugins/maven-surefire-plugin/3.5.2/maven-surefire-plugin-3.5.2.jar
2025-04-16 21:27:57,751 [Worker-54: Creating cucumber-archetype] INFO  o.e.m.c.i.e.AbstractTransferListenerAdapter - Downloaded https://repo.maven.apache.org/maven2/org/apache/maven/plugins/maven-surefire-plugin/3.5.2/maven-surefire-plugin-3.5.2.jar
2025-04-16 21:27:57,787 [Worker-54: Creating cucumber-archetype] INFO  o.e.m.c.i.l.LifecycleMappingFactory - Using org.eclipse.m2e.jdt.JarLifecycleMapping lifecycle mapping for MavenProject: capstonProject_SA2411063:capston:0.0.1-SNAPSHOT @ /Volumes/Renuka/Training_Materials/SA2411063_CapstoneProjects/capston/pom.xml.
2025-04-16 21:27:57,808 [Worker-54: Creating cucumber-archetype] INFO  o.e.m.c.i.e.AbstractTransferListenerAdapter - Downloading https://repo.maven.apache.org/maven2/io/cucumber/cucumber-java/7.21.1/cucumber-java-7.21.1.pom
2025-04-16 21:27:57,810 [Worker-54: Creating cucumber-archetype] INFO  o.e.m.c.i.e.AbstractTransferListenerAdapter - Downloaded https://repo.maven.apache.org/maven2/io/cucumber/cucumber-java/7.21.1/cucumber-java-7.21.1.pom
2025-04-16 21:27:57,862 [Worker-54: Creating cucumber-archetype] INFO  o.e.m.c.i.e.AbstractTransferListenerAdapter - Downloading https://repo.maven.apache.org/maven2/com/fasterxml/jackson/jackson-bom/2.18.2/jackson-bom-2.18.2.pom
2025-04-16 21:27:57,864 [Worker-54: Creating cucumber-archetype] INFO  o.e.m.c.i.e.AbstractTransferListenerAdapter - Downloaded https://repo.maven.apache.org/maven2/com/fasterxml/jackson/jackson-bom/2.18.2/jackson-bom-2.18.2.pom
2025-04-16 21:27:57,883 [Worker-54: Creating cucumber-archetype] INFO  o.e.m.c.i.e.AbstractTransferListenerAdapter - Downloading https://repo.maven.apache.org/maven2/com/fasterxml/jackson/jackson-parent/2.18.1/jackson-parent-2.18.1.pom
2025-04-16 21:27:57,885 [Worker-54: Creating cucumber-archetype] INFO  o.e.m.c.i.e.AbstractTransferListenerAdapter - Downloaded https://repo.maven.apache.org/maven2/com/fasterxml/jackson/jackson-parent/2.18.1/jackson-parent-2.18.1.pom
2025-04-16 21:27:57,924 [Worker-54: Creating cucumber-archetype] INFO  o.e.m.c.i.e.AbstractTransferListenerAdapter - Downloading https://repo.maven.apache.org/maven2/io/cucumber/cucumber-core/7.21.1/cucumber-core-7.21.1.pom
2025-04-16 21:27:57,927 [Worker-54: Creating cucumber-archetype] INFO  o.e.m.c.i.e.AbstractTransferListenerAdapter - Downloaded https://repo.maven.apache.org/maven2/io/cucumber/cucumber-core/7.21.1/cucumber-core-7.21.1.pom
2025-04-16 21:27:57,955 [Worker-54: Creating cucumber-archetype] INFO  o.e.m.c.i.e.AbstractTransferListenerAdapter - Downloading https://repo.maven.apache.org/maven2/io/cucumber/cucumber-gherkin/7.21.1/cucumber-gherkin-7.21.1.pom
2025-04-16 21:27:57,956 [Worker-54: Creating cucumber-archetype] INFO  o.e.m.c.i.e.AbstractTransferListenerAdapter - Downloaded https://repo.maven.apache.org/maven2/io/cucumber/cucumber-gherkin/7.21.1/cucumber-gherkin-7.21.1.pom
2025-04-16 21:27:58,000 [Worker-54: Creating cucumber-archetype] INFO  o.e.m.c.i.e.AbstractTransferListenerAdapter - Downloading https://repo.maven.apache.org/maven2/io/cucumber/cucumber-plugin/7.21.1/cucumber-plugin-7.21.1.pom
2025-04-16 21:27:58,002 [Worker-54: Creating cucumber-archetype] INFO  o.e.m.c.i.e.AbstractTransferListenerAdapter - Downloaded https://repo.maven.apache.org/maven2/io/cucumber/cucumber-plugin/7.21.1/cucumber-plugin-7.21.1.pom
2025-04-16 21:27:58,035 [Worker-54: Creating cucumber-archetype] INFO  o.e.m.c.i.e.AbstractTransferListenerAdapter - Downloading https://repo.maven.apache.org/maven2/io/cucumber/cucumber-gherkin-messages/7.21.1/cucumber-gherkin-messages-7.21.1.pom
2025-04-16 21:27:58,038 [Worker-54: Creating cucumber-archetype] INFO  o.e.m.c.i.e.AbstractTransferListenerAdapter - Downloaded https://repo.maven.apache.org/maven2/io/cucumber/cucumber-gherkin-messages/7.21.1/cucumber-gherkin-messages-7.21.1.pom
2025-04-16 21:27:58,070 [Worker-54: Creating cucumber-archetype] INFO  o.e.m.c.i.e.AbstractTransferListenerAdapter - Downloading https://repo.maven.apache.org/maven2/io/cucumber/gherkin/31.0.0/gherkin-31.0.0.pom
2025-04-16 21:27:58,071 [Worker-54: Creating cucumber-archetype] INFO  o.e.m.c.i.e.AbstractTransferListenerAdapter - Downloaded https://repo.maven.apache.org/maven2/io/cucumber/gherkin/31.0.0/gherkin-31.0.0.pom
2025-04-16 21:27:58,092 [Worker-54: Creating cucumber-archetype] INFO  o.e.m.c.i.e.AbstractTransferListenerAdapter - Downloading https://repo.maven.apache.org/maven2/io/cucumber/messages/27.2.0/messages-27.2.0.pom
2025-04-16 21:27:58,094 [Worker-54: Creating cucumber-archetype] INFO  o.e.m.c.i.e.AbstractTransferListenerAdapter - Downloaded https://repo.maven.apache.org/maven2/io/cucumber/messages/27.2.0/messages-27.2.0.pom
2025-04-16 21:27:58,112 [Worker-54: Creating cucumber-archetype] INFO  o.e.m.c.i.e.AbstractTransferListenerAdapter - Downloading https://repo.maven.apache.org/maven2/io/cucumber/testng-xml-formatter/0.3.1/testng-xml-formatter-0.3.1.pom
2025-04-16 21:27:58,114 [Worker-54: Creating cucumber-archetype] INFO  o.e.m.c.i.e.AbstractTransferListenerAdapter - Downloaded https://repo.maven.apache.org/maven2/io/cucumber/testng-xml-formatter/0.3.1/testng-xml-formatter-0.3.1.pom
2025-04-16 21:27:58,134 [Worker-54: Creating cucumber-archetype] INFO  o.e.m.c.i.e.AbstractTransferListenerAdapter - Downloading https://repo.maven.apache.org/maven2/io/cucumber/query/13.2.0/query-13.2.0.pom
2025-04-16 21:27:58,135 [Worker-54: Creating cucumber-archetype] INFO  o.e.m.c.i.e.AbstractTransferListenerAdapter - Downloaded https://repo.maven.apache.org/maven2/io/cucumber/query/13.2.0/query-13.2.0.pom
2025-04-16 21:27:58,155 [Worker-54: Creating cucumber-archetype] INFO  o.e.m.c.i.e.AbstractTransferListenerAdapter - Downloading https://repo.maven.apache.org/maven2/io/cucumber/tag-expressions/6.1.2/tag-expressions-6.1.2.pom
2025-04-16 21:27:58,156 [Worker-54: Creating cucumber-archetype] INFO  o.e.m.c.i.e.AbstractTransferListenerAdapter - Downloaded https://repo.maven.apache.org/maven2/io/cucumber/tag-expressions/6.1.2/tag-expressions-6.1.2.pom
2025-04-16 21:27:58,174 [Worker-54: Creating cucumber-archetype] INFO  o.e.m.c.i.e.AbstractTransferListenerAdapter - Downloading https://repo.maven.apache.org/maven2/io/cucumber/cucumber-expressions/18.0.1/cucumber-expressions-18.0.1.pom
2025-04-16 21:27:58,175 [Worker-54: Creating cucumber-archetype] INFO  o.e.m.c.i.e.AbstractTransferListenerAdapter - Downloaded https://repo.maven.apache.org/maven2/io/cucumber/cucumber-expressions/18.0.1/cucumber-expressions-18.0.1.pom
2025-04-16 21:27:58,191 [Worker-54: Creating cucumber-archetype] INFO  o.e.m.c.i.e.AbstractTransferListenerAdapter - Downloading https://repo.maven.apache.org/maven2/org/junit/junit-bom/5.11.3/junit-bom-5.11.3.pom
2025-04-16 21:27:58,195 [Worker-54: Creating cucumber-archetype] INFO  o.e.m.c.i.e.AbstractTransferListenerAdapter - Downloaded https://repo.maven.apache.org/maven2/org/junit/junit-bom/5.11.3/junit-bom-5.11.3.pom
2025-04-16 21:27:58,229 [Worker-54: Creating cucumber-archetype] INFO  o.e.m.c.i.e.AbstractTransferListenerAdapter - Downloading https://repo.maven.apache.org/maven2/io/cucumber/datatable/7.21.1/datatable-7.21.1.pom
2025-04-16 21:27:58,231 [Worker-54: Creating cucumber-archetype] INFO  o.e.m.c.i.e.AbstractTransferListenerAdapter - Downloaded https://repo.maven.apache.org/maven2/io/cucumber/datatable/7.21.1/datatable-7.21.1.pom
2025-04-16 21:27:58,253 [Worker-54: Creating cucumber-archetype] INFO  o.e.m.c.i.e.AbstractTransferListenerAdapter - Downloading https://repo.maven.apache.org/maven2/io/cucumber/docstring/7.21.1/docstring-7.21.1.pom
2025-04-16 21:27:58,254 [Worker-54: Creating cucumber-archetype] INFO  o.e.m.c.i.e.AbstractTransferListenerAdapter - Downloaded https://repo.maven.apache.org/maven2/io/cucumber/docstring/7.21.1/docstring-7.21.1.pom
2025-04-16 21:27:58,271 [Worker-54: Creating cucumber-archetype] INFO  o.e.m.c.i.e.AbstractTransferListenerAdapter - Downloading https://repo.maven.apache.org/maven2/io/cucumber/html-formatter/21.9.0/html-formatter-21.9.0.pom
2025-04-16 21:27:58,272 [Worker-54: Creating cucumber-archetype] INFO  o.e.m.c.i.e.AbstractTransferListenerAdapter - Downloaded https://repo.maven.apache.org/maven2/io/cucumber/html-formatter/21.9.0/html-formatter-21.9.0.pom
2025-04-16 21:27:58,291 [Worker-54: Creating cucumber-archetype] INFO  o.e.m.c.i.e.AbstractTransferListenerAdapter - Downloading https://repo.maven.apache.org/maven2/io/cucumber/junit-xml-formatter/0.7.1/junit-xml-formatter-0.7.1.pom
2025-04-16 21:27:58,292 [Worker-54: Creating cucumber-archetype] INFO  o.e.m.c.i.e.AbstractTransferListenerAdapter - Downloaded https://repo.maven.apache.org/maven2/io/cucumber/junit-xml-formatter/0.7.1/junit-xml-formatter-0.7.1.pom
2025-04-16 21:27:58,312 [Worker-54: Creating cucumber-archetype] INFO  o.e.m.c.i.e.AbstractTransferListenerAdapter - Downloading https://repo.maven.apache.org/maven2/com/fasterxml/jackson/jackson-bom/2.18.1/jackson-bom-2.18.1.pom
2025-04-16 21:27:58,314 [Worker-54: Creating cucumber-archetype] INFO  o.e.m.c.i.e.AbstractTransferListenerAdapter - Downloaded https://repo.maven.apache.org/maven2/com/fasterxml/jackson/jackson-bom/2.18.1/jackson-bom-2.18.1.pom
2025-04-16 21:27:58,361 [Worker-54: Creating cucumber-archetype] INFO  o.e.m.c.i.e.AbstractTransferListenerAdapter - Downloading https://repo.maven.apache.org/maven2/io/cucumber/cucumber-junit-platform-engine/7.21.1/cucumber-junit-platform-engine-7.21.1.pom
2025-04-16 21:27:58,363 [Worker-54: Creating cucumber-archetype] INFO  o.e.m.c.i.e.AbstractTransferListenerAdapter - Downloaded https://repo.maven.apache.org/maven2/io/cucumber/cucumber-junit-platform-engine/7.21.1/cucumber-junit-platform-engine-7.21.1.pom
2025-04-16 21:27:58,384 [Worker-54: Creating cucumber-archetype] INFO  o.e.m.c.i.e.AbstractTransferListenerAdapter - Downloading https://repo.maven.apache.org/maven2/org/junit/platform/junit-platform-engine/1.11.4/junit-platform-engine-1.11.4.pom
2025-04-16 21:27:58,385 [Worker-54: Creating cucumber-archetype] INFO  o.e.m.c.i.e.AbstractTransferListenerAdapter - Downloaded https://repo.maven.apache.org/maven2/org/junit/platform/junit-platform-engine/1.11.4/junit-platform-engine-1.11.4.pom
2025-04-16 21:27:58,402 [Worker-54: Creating cucumber-archetype] INFO  o.e.m.c.i.e.AbstractTransferListenerAdapter - Downloading https://repo.maven.apache.org/maven2/org/junit/platform/junit-platform-commons/1.11.4/junit-platform-commons-1.11.4.pom
2025-04-16 21:27:58,403 [Worker-54: Creating cucumber-archetype] INFO  o.e.m.c.i.e.AbstractTransferListenerAdapter - Downloaded https://repo.maven.apache.org/maven2/org/junit/platform/junit-platform-commons/1.11.4/junit-platform-commons-1.11.4.pom
2025-04-16 21:27:58,421 [Worker-54: Creating cucumber-archetype] INFO  o.e.m.c.i.e.AbstractTransferListenerAdapter - Downloading https://repo.maven.apache.org/maven2/org/junit/platform/junit-platform-suite/1.11.4/junit-platform-suite-1.11.4.pom
2025-04-16 21:27:58,422 [Worker-54: Creating cucumber-archetype] INFO  o.e.m.c.i.e.AbstractTransferListenerAdapter - Downloaded https://repo.maven.apache.org/maven2/org/junit/platform/junit-platform-suite/1.11.4/junit-platform-suite-1.11.4.pom
2025-04-16 21:27:58,438 [Worker-54: Creating cucumber-archetype] INFO  o.e.m.c.i.e.AbstractTransferListenerAdapter - Downloading https://repo.maven.apache.org/maven2/org/junit/platform/junit-platform-suite-api/1.11.4/junit-platform-suite-api-1.11.4.pom
2025-04-16 21:27:58,439 [Worker-54: Creating cucumber-archetype] INFO  o.e.m.c.i.e.AbstractTransferListenerAdapter - Downloaded https://repo.maven.apache.org/maven2/org/junit/platform/junit-platform-suite-api/1.11.4/junit-platform-suite-api-1.11.4.pom
2025-04-16 21:27:58,456 [Worker-54: Creating cucumber-archetype] INFO  o.e.m.c.i.e.AbstractTransferListenerAdapter - Downloading https://repo.maven.apache.org/maven2/org/junit/platform/junit-platform-suite-engine/1.11.4/junit-platform-suite-engine-1.11.4.pom
2025-04-16 21:27:58,458 [Worker-54: Creating cucumber-archetype] INFO  o.e.m.c.i.e.AbstractTransferListenerAdapter - Downloaded https://repo.maven.apache.org/maven2/org/junit/platform/junit-platform-suite-engine/1.11.4/junit-platform-suite-engine-1.11.4.pom
2025-04-16 21:27:58,476 [Worker-54: Creating cucumber-archetype] INFO  o.e.m.c.i.e.AbstractTransferListenerAdapter - Downloading https://repo.maven.apache.org/maven2/org/junit/platform/junit-platform-suite-commons/1.11.4/junit-platform-suite-commons-1.11.4.pom
2025-04-16 21:27:58,477 [Worker-54: Creating cucumber-archetype] INFO  o.e.m.c.i.e.AbstractTransferListenerAdapter - Downloaded https://repo.maven.apache.org/maven2/org/junit/platform/junit-platform-suite-commons/1.11.4/junit-platform-suite-commons-1.11.4.pom
2025-04-16 21:27:58,494 [Worker-54: Creating cucumber-archetype] INFO  o.e.m.c.i.e.AbstractTransferListenerAdapter - Downloading https://repo.maven.apache.org/maven2/org/junit/platform/junit-platform-launcher/1.11.4/junit-platform-launcher-1.11.4.pom
2025-04-16 21:27:58,495 [Worker-54: Creating cucumber-archetype] INFO  o.e.m.c.i.e.AbstractTransferListenerAdapter - Downloaded https://repo.maven.apache.org/maven2/org/junit/platform/junit-platform-launcher/1.11.4/junit-platform-launcher-1.11.4.pom
2025-04-16 21:27:58,520 [Worker-54: Creating cucumber-archetype] INFO  o.e.m.c.i.e.AbstractTransferListenerAdapter - Downloading https://repo.maven.apache.org/maven2/org/assertj/assertj-core/3.27.3/assertj-core-3.27.3.pom
2025-04-16 21:27:58,521 [Worker-54: Creating cucumber-archetype] INFO  o.e.m.c.i.e.AbstractTransferListenerAdapter - Downloaded https://repo.maven.apache.org/maven2/org/assertj/assertj-core/3.27.3/assertj-core-3.27.3.pom
2025-04-16 21:27:58,582 [Worker-54: Creating cucumber-archetype] INFO  o.e.m.c.i.e.AbstractTransferListenerAdapter - Downloading https://repo.maven.apache.org/maven2/io/cucumber/cucumber-java/7.21.1/cucumber-java-7.21.1.jar
2025-04-16 21:27:58,634 [Worker-54: Creating cucumber-archetype] INFO  o.e.m.c.i.e.AbstractTransferListenerAdapter - Downloaded https://repo.maven.apache.org/maven2/io/cucumber/cucumber-java/7.21.1/cucumber-java-7.21.1.jar
2025-04-16 21:27:58,652 [BasicRepositoryConnector-repo.maven.apache.org-0-1] INFO  o.e.m.c.i.e.AbstractTransferListenerAdapter - Downloading https://repo.maven.apache.org/maven2/io/cucumber/cucumber-gherkin/7.21.1/cucumber-gherkin-7.21.1.jar
2025-04-16 21:27:58,659 [BasicRepositoryConnector-repo.maven.apache.org-0-1] INFO  o.e.m.c.i.e.AbstractTransferListenerAdapter - Downloaded https://repo.maven.apache.org/maven2/io/cucumber/cucumber-gherkin/7.21.1/cucumber-gherkin-7.21.1.jar
2025-04-16 21:27:58,675 [BasicRepositoryConnector-repo.maven.apache.org-0-1] INFO  o.e.m.c.i.e.AbstractTransferListenerAdapter - Downloading https://repo.maven.apache.org/maven2/io/cucumber/testng-xml-formatter/0.3.1/testng-xml-formatter-0.3.1.jar
2025-04-16 21:27:58,678 [BasicRepositoryConnector-repo.maven.apache.org-0-1] INFO  o.e.m.c.i.e.AbstractTransferListenerAdapter - Downloaded https://repo.maven.apache.org/maven2/io/cucumber/testng-xml-formatter/0.3.1/testng-xml-formatter-0.3.1.jar
2025-04-16 21:27:58,694 [BasicRepositoryConnector-repo.maven.apache.org-0-1] INFO  o.e.m.c.i.e.AbstractTransferListenerAdapter - Downloading https://repo.maven.apache.org/maven2/io/cucumber/query/13.2.0/query-13.2.0.jar
2025-04-16 21:27:58,696 [BasicRepositoryConnector-repo.maven.apache.org-0-1] INFO  o.e.m.c.i.e.AbstractTransferListenerAdapter - Downloaded https://repo.maven.apache.org/maven2/io/cucumber/query/13.2.0/query-13.2.0.jar
2025-04-16 21:27:58,701 [BasicRepositoryConnector-repo.maven.apache.org-0-0] INFO  o.e.m.c.i.e.AbstractTransferListenerAdapter - Downloading https://repo.maven.apache.org/maven2/io/cucumber/cucumber-core/7.21.1/cucumber-core-7.21.1.jar
2025-04-16 21:27:58,712 [BasicRepositoryConnector-repo.maven.apache.org-0-2] INFO  o.e.m.c.i.e.AbstractTransferListenerAdapter - Downloading https://repo.maven.apache.org/maven2/io/cucumber/cucumber-gherkin-messages/7.21.1/cucumber-gherkin-messages-7.21.1.jar
2025-04-16 21:27:58,712 [BasicRepositoryConnector-repo.maven.apache.org-0-3] INFO  o.e.m.c.i.e.AbstractTransferListenerAdapter - Downloading https://repo.maven.apache.org/maven2/io/cucumber/gherkin/31.0.0/gherkin-31.0.0.jar
2025-04-16 21:27:58,714 [BasicRepositoryConnector-repo.maven.apache.org-0-1] INFO  o.e.m.c.i.e.AbstractTransferListenerAdapter - Downloading https://repo.maven.apache.org/maven2/io/cucumber/tag-expressions/6.1.2/tag-expressions-6.1.2.jar
2025-04-16 21:27:58,714 [BasicRepositoryConnector-repo.maven.apache.org-0-4] INFO  o.e.m.c.i.e.AbstractTransferListenerAdapter - Downloading https://repo.maven.apache.org/maven2/io/cucumber/messages/27.2.0/messages-27.2.0.jar
2025-04-16 21:27:58,716 [BasicRepositoryConnector-repo.maven.apache.org-0-1] INFO  o.e.m.c.i.e.AbstractTransferListenerAdapter - Downloaded https://repo.maven.apache.org/maven2/io/cucumber/tag-expressions/6.1.2/tag-expressions-6.1.2.jar
2025-04-16 21:27:58,721 [BasicRepositoryConnector-repo.maven.apache.org-0-2] INFO  o.e.m.c.i.e.AbstractTransferListenerAdapter - Downloaded https://repo.maven.apache.org/maven2/io/cucumber/cucumber-gherkin-messages/7.21.1/cucumber-gherkin-messages-7.21.1.jar
2025-04-16 21:27:58,730 [BasicRepositoryConnector-repo.maven.apache.org-0-1] INFO  o.e.m.c.i.e.AbstractTransferListenerAdapter - Downloading https://repo.maven.apache.org/maven2/io/cucumber/cucumber-expressions/18.0.1/cucumber-expressions-18.0.1.jar
2025-04-16 21:27:58,735 [BasicRepositoryConnector-repo.maven.apache.org-0-1] INFO  o.e.m.c.i.e.AbstractTransferListenerAdapter - Downloaded https://repo.maven.apache.org/maven2/io/cucumber/cucumber-expressions/18.0.1/cucumber-expressions-18.0.1.jar
2025-04-16 21:27:58,741 [BasicRepositoryConnector-repo.maven.apache.org-0-2] INFO  o.e.m.c.i.e.AbstractTransferListenerAdapter - Downloading https://repo.maven.apache.org/maven2/io/cucumber/datatable/7.21.1/datatable-7.21.1.jar
2025-04-16 21:27:58,742 [BasicRepositoryConnector-repo.maven.apache.org-0-3] INFO  o.e.m.c.i.e.AbstractTransferListenerAdapter - Downloaded https://repo.maven.apache.org/maven2/io/cucumber/gherkin/31.0.0/gherkin-31.0.0.jar
2025-04-16 21:27:58,742 [BasicRepositoryConnector-repo.maven.apache.org-0-4] INFO  o.e.m.c.i.e.AbstractTransferListenerAdapter - Downloaded https://repo.maven.apache.org/maven2/io/cucumber/messages/27.2.0/messages-27.2.0.jar
2025-04-16 21:27:58,749 [BasicRepositoryConnector-repo.maven.apache.org-0-1] INFO  o.e.m.c.i.e.AbstractTransferListenerAdapter - Downloading https://repo.maven.apache.org/maven2/io/cucumber/cucumber-plugin/7.21.1/cucumber-plugin-7.21.1.jar
2025-04-16 21:27:58,751 [BasicRepositoryConnector-repo.maven.apache.org-0-1] INFO  o.e.m.c.i.e.AbstractTransferListenerAdapter - Downloaded https://repo.maven.apache.org/maven2/io/cucumber/cucumber-plugin/7.21.1/cucumber-plugin-7.21.1.jar
2025-04-16 21:27:58,757 [BasicRepositoryConnector-repo.maven.apache.org-0-4] INFO  o.e.m.c.i.e.AbstractTransferListenerAdapter - Downloading https://repo.maven.apache.org/maven2/io/cucumber/html-formatter/21.9.0/html-formatter-21.9.0.jar
2025-04-16 21:27:58,757 [BasicRepositoryConnector-repo.maven.apache.org-0-3] INFO  o.e.m.c.i.e.AbstractTransferListenerAdapter - Downloading https://repo.maven.apache.org/maven2/io/cucumber/docstring/7.21.1/docstring-7.21.1.jar
2025-04-16 21:27:58,764 [BasicRepositoryConnector-repo.maven.apache.org-0-3] INFO  o.e.m.c.i.e.AbstractTransferListenerAdapter - Downloaded https://repo.maven.apache.org/maven2/io/cucumber/docstring/7.21.1/docstring-7.21.1.jar
2025-04-16 21:27:58,764 [BasicRepositoryConnector-repo.maven.apache.org-0-2] INFO  o.e.m.c.i.e.AbstractTransferListenerAdapter - Downloaded https://repo.maven.apache.org/maven2/io/cucumber/datatable/7.21.1/datatable-7.21.1.jar
2025-04-16 21:27:58,777 [BasicRepositoryConnector-repo.maven.apache.org-0-1] INFO  o.e.m.c.i.e.AbstractTransferListenerAdapter - Downloading https://repo.maven.apache.org/maven2/io/cucumber/junit-xml-formatter/0.7.1/junit-xml-formatter-0.7.1.jar
2025-04-16 21:27:58,778 [BasicRepositoryConnector-repo.maven.apache.org-0-1] INFO  o.e.m.c.i.e.AbstractTransferListenerAdapter - Downloaded https://repo.maven.apache.org/maven2/io/cucumber/junit-xml-formatter/0.7.1/junit-xml-formatter-0.7.1.jar
2025-04-16 21:27:58,795 [BasicRepositoryConnector-repo.maven.apache.org-0-2] INFO  o.e.m.c.i.e.AbstractTransferListenerAdapter - Downloading https://repo.maven.apache.org/maven2/org/junit/platform/junit-platform-engine/1.11.4/junit-platform-engine-1.11.4.jar
2025-04-16 21:27:58,797 [BasicRepositoryConnector-repo.maven.apache.org-0-4] INFO  o.e.m.c.i.e.AbstractTransferListenerAdapter - Downloaded https://repo.maven.apache.org/maven2/io/cucumber/html-formatter/21.9.0/html-formatter-21.9.0.jar
2025-04-16 21:27:58,807 [BasicRepositoryConnector-repo.maven.apache.org-0-1] INFO  o.e.m.c.i.e.AbstractTransferListenerAdapter - Downloading https://repo.maven.apache.org/maven2/org/junit/platform/junit-platform-commons/1.11.4/junit-platform-commons-1.11.4.jar
2025-04-16 21:27:58,815 [BasicRepositoryConnector-repo.maven.apache.org-0-1] INFO  o.e.m.c.i.e.AbstractTransferListenerAdapter - Downloaded https://repo.maven.apache.org/maven2/org/junit/platform/junit-platform-commons/1.11.4/junit-platform-commons-1.11.4.jar
2025-04-16 21:27:58,819 [BasicRepositoryConnector-repo.maven.apache.org-0-4] INFO  o.e.m.c.i.e.AbstractTransferListenerAdapter - Downloading https://repo.maven.apache.org/maven2/org/junit/platform/junit-platform-suite/1.11.4/junit-platform-suite-1.11.4.jar
2025-04-16 21:27:58,821 [BasicRepositoryConnector-repo.maven.apache.org-0-4] INFO  o.e.m.c.i.e.AbstractTransferListenerAdapter - Downloaded https://repo.maven.apache.org/maven2/org/junit/platform/junit-platform-suite/1.11.4/junit-platform-suite-1.11.4.jar
2025-04-16 21:27:58,821 [BasicRepositoryConnector-repo.maven.apache.org-0-2] INFO  o.e.m.c.i.e.AbstractTransferListenerAdapter - Downloaded https://repo.maven.apache.org/maven2/org/junit/platform/junit-platform-engine/1.11.4/junit-platform-engine-1.11.4.jar
2025-04-16 21:27:58,835 [BasicRepositoryConnector-repo.maven.apache.org-0-1] INFO  o.e.m.c.i.e.AbstractTransferListenerAdapter - Downloading https://repo.maven.apache.org/maven2/org/junit/platform/junit-platform-suite-api/1.11.4/junit-platform-suite-api-1.11.4.jar
2025-04-16 21:27:58,835 [BasicRepositoryConnector-repo.maven.apache.org-0-2] INFO  o.e.m.c.i.e.AbstractTransferListenerAdapter - Downloading https://repo.maven.apache.org/maven2/org/junit/platform/junit-platform-suite-commons/1.11.4/junit-platform-suite-commons-1.11.4.jar
2025-04-16 21:27:58,835 [BasicRepositoryConnector-repo.maven.apache.org-0-4] INFO  o.e.m.c.i.e.AbstractTransferListenerAdapter - Downloading https://repo.maven.apache.org/maven2/org/junit/platform/junit-platform-suite-engine/1.11.4/junit-platform-suite-engine-1.11.4.jar
2025-04-16 21:27:58,837 [BasicRepositoryConnector-repo.maven.apache.org-0-4] INFO  o.e.m.c.i.e.AbstractTransferListenerAdapter - Downloaded https://repo.maven.apache.org/maven2/org/junit/platform/junit-platform-suite-engine/1.11.4/junit-platform-suite-engine-1.11.4.jar
2025-04-16 21:27:58,837 [BasicRepositoryConnector-repo.maven.apache.org-0-1] INFO  o.e.m.c.i.e.AbstractTransferListenerAdapter - Downloaded https://repo.maven.apache.org/maven2/org/junit/platform/junit-platform-suite-api/1.11.4/junit-platform-suite-api-1.11.4.jar
2025-04-16 21:27:58,837 [BasicRepositoryConnector-repo.maven.apache.org-0-2] INFO  o.e.m.c.i.e.AbstractTransferListenerAdapter - Downloaded https://repo.maven.apache.org/maven2/org/junit/platform/junit-platform-suite-commons/1.11.4/junit-platform-suite-commons-1.11.4.jar
2025-04-16 21:27:58,851 [BasicRepositoryConnector-repo.maven.apache.org-0-4] INFO  o.e.m.c.i.e.AbstractTransferListenerAdapter - Downloading https://repo.maven.apache.org/maven2/org/junit/platform/junit-platform-launcher/1.11.4/junit-platform-launcher-1.11.4.jar
2025-04-16 21:27:58,851 [BasicRepositoryConnector-repo.maven.apache.org-0-1] INFO  o.e.m.c.i.e.AbstractTransferListenerAdapter - Downloading https://repo.maven.apache.org/maven2/org/assertj/assertj-core/3.27.3/assertj-core-3.27.3.jar
2025-04-16 21:27:58,854 [BasicRepositoryConnector-repo.maven.apache.org-0-0] INFO  o.e.m.c.i.e.AbstractTransferListenerAdapter - Downloaded https://repo.maven.apache.org/maven2/io/cucumber/cucumber-core/7.21.1/cucumber-core-7.21.1.jar
2025-04-16 21:27:58,869 [BasicRepositoryConnector-repo.maven.apache.org-0-4] INFO  o.e.m.c.i.e.AbstractTransferListenerAdapter - Downloaded https://repo.maven.apache.org/maven2/org/junit/platform/junit-platform-launcher/1.11.4/junit-platform-launcher-1.11.4.jar
2025-04-16 21:27:58,901 [BasicRepositoryConnector-repo.maven.apache.org-0-1] INFO  o.e.m.c.i.e.AbstractTransferListenerAdapter - Downloaded https://repo.maven.apache.org/maven2/org/assertj/assertj-core/3.27.3/assertj-core-3.27.3.jar
2025-04-16 21:27:59,017 [BasicRepositoryConnector-repo.maven.apache.org-0-3] INFO  o.e.m.c.i.e.AbstractTransferListenerAdapter - Downloading https://repo.maven.apache.org/maven2/io/cucumber/cucumber-junit-platform-engine/7.21.1/cucumber-junit-platform-engine-7.21.1.jar
2025-04-16 21:27:59,027 [BasicRepositoryConnector-repo.maven.apache.org-0-3] INFO  o.e.m.c.i.e.AbstractTransferListenerAdapter - Downloaded https://repo.maven.apache.org/maven2/io/cucumber/cucumber-junit-platform-engine/7.21.1/cucumber-junit-platform-engine-7.21.1.jar
2025-04-16 21:27:59,088 [Worker-54: Creating cucumber-archetype] INFO  o.e.m.c.i.e.AbstractTransferListenerAdapter - Downloading https://repo.maven.apache.org/maven2/org/apache/maven/plugins/maven-surefire-plugin/3.5.2/maven-surefire-plugin-3.5.2.pom
2025-04-16 21:27:59,091 [Worker-54: Creating cucumber-archetype] INFO  o.e.m.c.i.e.AbstractTransferListenerAdapter - Downloaded https://repo.maven.apache.org/maven2/org/apache/maven/plugins/maven-surefire-plugin/3.5.2/maven-surefire-plugin-3.5.2.pom
2025-04-16 21:27:59,112 [Worker-54: Creating cucumber-archetype] INFO  o.e.m.c.i.e.AbstractTransferListenerAdapter - Downloading https://repo.maven.apache.org/maven2/org/apache/maven/surefire/surefire/3.5.2/surefire-3.5.2.pom
2025-04-16 21:27:59,113 [Worker-54: Creating cucumber-archetype] INFO  o.e.m.c.i.e.AbstractTransferListenerAdapter - Downloaded https://repo.maven.apache.org/maven2/org/apache/maven/surefire/surefire/3.5.2/surefire-3.5.2.pom
2025-04-16 21:27:59,222 [Worker-54: Creating cucumber-archetype] INFO  o.e.m.j.i.AbstractJavaProjectConfigurator - Adding source folder /capston/src/main/java
2025-04-16 21:27:59,223 [Worker-54: Creating cucumber-archetype] INFO  o.e.m.j.i.AbstractJavaProjectConfigurator - Adding resource folder /capston/src/main/resources
2025-04-16 21:27:59,229 [Worker-54: Creating cucumber-archetype] INFO  o.e.m.j.i.AbstractJavaProjectConfigurator - Adding source folder /capston/src/test/java
2025-04-16 21:27:59,230 [Worker-54: Creating cucumber-archetype] INFO  o.e.m.j.i.AbstractJavaProjectConfigurator - Adding resource folder /capston/src/test/resources
2025-04-16 21:27:59,327 [Worker-54: Creating cucumber-archetype] INFO  o.e.m.c.i.p.ProjectConfigurationManager - Imported and configured 1 project(s) in 1 sec
2025-04-16 21:27:59,954 [Worker-54: Building] INFO  o.a.m.s.f.DefaultMavenResourcesFiltering - skip non existing resourceDirectory /Volumes/Renuka/Training_Materials/SA2411063_CapstoneProjects/capston/src/main/resources
2025-04-16 21:27:59,969 [Worker-54: Building] INFO  o.a.m.s.f.DefaultMavenResourcesFiltering - Copying 1 resource from src/test/resources to target/test-classes
2025-04-16 21:28:00,246 [Worker-63: Download sources and javadoc] INFO  o.e.m.c.i.e.AbstractTransferListenerAdapter - Downloading https://repo.maven.apache.org/maven2/io/cucumber/cucumber-java/7.21.1/cucumber-java-7.21.1-sources.jar
2025-04-16 21:28:00,288 [Worker-63: Download sources and javadoc] INFO  o.e.m.c.i.e.AbstractTransferListenerAdapter - Downloaded https://repo.maven.apache.org/maven2/io/cucumber/cucumber-java/7.21.1/cucumber-java-7.21.1-sources.jar
2025-04-16 21:28:00,291 [Worker-63: Download sources and javadoc] INFO  o.e.m.j.internal.DownloadSourcesJob - Downloaded sources for io.cucumber:cucumber-java:7.21.1
2025-04-16 21:28:00,335 [Worker-63: Download sources and javadoc] INFO  o.e.m.c.i.e.AbstractTransferListenerAdapter - Downloading https://repo.maven.apache.org/maven2/io/cucumber/cucumber-core/7.21.1/cucumber-core-7.21.1-sources.jar
2025-04-16 21:28:00,372 [Worker-63: Download sources and javadoc] INFO  o.e.m.c.i.e.AbstractTransferListenerAdapter - Downloaded https://repo.maven.apache.org/maven2/io/cucumber/cucumber-core/7.21.1/cucumber-core-7.21.1-sources.jar
2025-04-16 21:28:00,376 [Worker-63: Download sources and javadoc] INFO  o.e.m.j.internal.DownloadSourcesJob - Downloaded sources for io.cucumber:cucumber-core:7.21.1
2025-04-16 21:28:00,413 [Worker-63: Download sources and javadoc] INFO  o.e.m.c.i.e.AbstractTransferListenerAdapter - Downloading https://repo.maven.apache.org/maven2/io/cucumber/cucumber-gherkin/7.21.1/cucumber-gherkin-7.21.1-sources.jar
2025-04-16 21:28:00,414 [Worker-63: Download sources and javadoc] INFO  o.e.m.c.i.e.AbstractTransferListenerAdapter - Downloaded https://repo.maven.apache.org/maven2/io/cucumber/cucumber-gherkin/7.21.1/cucumber-gherkin-7.21.1-sources.jar
2025-04-16 21:28:00,418 [Worker-63: Download sources and javadoc] INFO  o.e.m.j.internal.DownloadSourcesJob - Downloaded sources for io.cucumber:cucumber-gherkin:7.21.1
2025-04-16 21:28:00,449 [Worker-63: Download sources and javadoc] INFO  o.e.m.c.i.e.AbstractTransferListenerAdapter - Downloading https://repo.maven.apache.org/maven2/io/cucumber/cucumber-gherkin-messages/7.21.1/cucumber-gherkin-messages-7.21.1-sources.jar
2025-04-16 21:28:00,454 [Worker-63: Download sources and javadoc] INFO  o.e.m.c.i.e.AbstractTransferListenerAdapter - Downloaded https://repo.maven.apache.org/maven2/io/cucumber/cucumber-gherkin-messages/7.21.1/cucumber-gherkin-messages-7.21.1-sources.jar
2025-04-16 21:28:00,456 [Worker-63: Download sources and javadoc] INFO  o.e.m.j.internal.DownloadSourcesJob - Downloaded sources for io.cucumber:cucumber-gherkin-messages:7.21.1
2025-04-16 21:28:00,507 [Worker-63: Download sources and javadoc] INFO  o.e.m.c.i.e.AbstractTransferListenerAdapter - Downloading https://repo.maven.apache.org/maven2/io/cucumber/gherkin/31.0.0/gherkin-31.0.0-sources.jar
2025-04-16 21:28:00,520 [Worker-63: Download sources and javadoc] INFO  o.e.m.c.i.e.AbstractTransferListenerAdapter - Downloaded https://repo.maven.apache.org/maven2/io/cucumber/gherkin/31.0.0/gherkin-31.0.0-sources.jar
2025-04-16 21:28:00,521 [Worker-63: Download sources and javadoc] INFO  o.e.m.j.internal.DownloadSourcesJob - Downloaded sources for io.cucumber:gherkin:31.0.0
2025-04-16 21:28:00,568 [Worker-63: Download sources and javadoc] INFO  o.e.m.c.i.e.AbstractTransferListenerAdapter - Downloading https://repo.maven.apache.org/maven2/io/cucumber/messages/27.2.0/messages-27.2.0-sources.jar
2025-04-16 21:28:00,582 [Worker-63: Download sources and javadoc] INFO  o.e.m.c.i.e.AbstractTransferListenerAdapter - Downloaded https://repo.maven.apache.org/maven2/io/cucumber/messages/27.2.0/messages-27.2.0-sources.jar
2025-04-16 21:28:00,583 [Worker-63: Download sources and javadoc] INFO  o.e.m.j.internal.DownloadSourcesJob - Downloaded sources for io.cucumber:messages:27.2.0
2025-04-16 21:28:00,636 [Worker-63: Download sources and javadoc] INFO  o.e.m.c.i.e.AbstractTransferListenerAdapter - Downloading https://repo.maven.apache.org/maven2/io/cucumber/testng-xml-formatter/0.3.1/testng-xml-formatter-0.3.1-sources.jar
2025-04-16 21:28:00,638 [Worker-63: Download sources and javadoc] INFO  o.e.m.c.i.e.AbstractTransferListenerAdapter - Downloaded https://repo.maven.apache.org/maven2/io/cucumber/testng-xml-formatter/0.3.1/testng-xml-formatter-0.3.1-sources.jar
2025-04-16 21:28:00,639 [Worker-63: Download sources and javadoc] INFO  o.e.m.j.internal.DownloadSourcesJob - Downloaded sources for io.cucumber:testng-xml-formatter:0.3.1
2025-04-16 21:28:00,678 [Worker-63: Download sources and javadoc] INFO  o.e.m.c.i.e.AbstractTransferListenerAdapter - Downloading https://repo.maven.apache.org/maven2/io/cucumber/query/13.2.0/query-13.2.0-sources.jar
2025-04-16 21:28:00,680 [Worker-63: Download sources and javadoc] INFO  o.e.m.c.i.e.AbstractTransferListenerAdapter - Downloaded https://repo.maven.apache.org/maven2/io/cucumber/query/13.2.0/query-13.2.0-sources.jar
2025-04-16 21:28:00,681 [Worker-63: Download sources and javadoc] INFO  o.e.m.j.internal.DownloadSourcesJob - Downloaded sources for io.cucumber:query:13.2.0
2025-04-16 21:28:00,724 [Worker-63: Download sources and javadoc] INFO  o.e.m.c.i.e.AbstractTransferListenerAdapter - Downloading https://repo.maven.apache.org/maven2/io/cucumber/tag-expressions/6.1.2/tag-expressions-6.1.2-sources.jar
2025-04-16 21:28:00,728 [Worker-63: Download sources and javadoc] INFO  o.e.m.c.i.e.AbstractTransferListenerAdapter - Downloaded https://repo.maven.apache.org/maven2/io/cucumber/tag-expressions/6.1.2/tag-expressions-6.1.2-sources.jar
2025-04-16 21:28:00,729 [Worker-63: Download sources and javadoc] INFO  o.e.m.j.internal.DownloadSourcesJob - Downloaded sources for io.cucumber:tag-expressions:6.1.2
2025-04-16 21:28:00,787 [Worker-63: Download sources and javadoc] INFO  o.e.m.c.i.e.AbstractTransferListenerAdapter - Downloading https://repo.maven.apache.org/maven2/io/cucumber/cucumber-expressions/18.0.1/cucumber-expressions-18.0.1-sources.jar
2025-04-16 21:28:00,792 [Worker-63: Download sources and javadoc] INFO  o.e.m.c.i.e.AbstractTransferListenerAdapter - Downloaded https://repo.maven.apache.org/maven2/io/cucumber/cucumber-expressions/18.0.1/cucumber-expressions-18.0.1-sources.jar
2025-04-16 21:28:00,794 [Worker-63: Download sources and javadoc] INFO  o.e.m.j.internal.DownloadSourcesJob - Downloaded sources for io.cucumber:cucumber-expressions:18.0.1
2025-04-16 21:28:00,870 [Worker-63: Download sources and javadoc] INFO  o.e.m.c.i.e.AbstractTransferListenerAdapter - Downloading https://repo.maven.apache.org/maven2/io/cucumber/datatable/7.21.1/datatable-7.21.1-sources.jar
2025-04-16 21:28:00,878 [Worker-63: Download sources and javadoc] INFO  o.e.m.c.i.e.AbstractTransferListenerAdapter - Downloaded https://repo.maven.apache.org/maven2/io/cucumber/datatable/7.21.1/datatable-7.21.1-sources.jar
2025-04-16 21:28:00,879 [Worker-63: Download sources and javadoc] INFO  o.e.m.j.internal.DownloadSourcesJob - Downloaded sources for io.cucumber:datatable:7.21.1
2025-04-16 21:28:00,910 [Worker-63: Download sources and javadoc] INFO  o.e.m.c.i.e.AbstractTransferListenerAdapter - Downloading https://repo.maven.apache.org/maven2/io/cucumber/cucumber-plugin/7.21.1/cucumber-plugin-7.21.1-sources.jar
2025-04-16 21:28:00,916 [Worker-63: Download sources and javadoc] INFO  o.e.m.c.i.e.AbstractTransferListenerAdapter - Downloaded https://repo.maven.apache.org/maven2/io/cucumber/cucumber-plugin/7.21.1/cucumber-plugin-7.21.1-sources.jar
2025-04-16 21:28:00,917 [Worker-63: Download sources and javadoc] INFO  o.e.m.j.internal.DownloadSourcesJob - Downloaded sources for io.cucumber:cucumber-plugin:7.21.1
2025-04-16 21:28:00,957 [Worker-63: Download sources and javadoc] INFO  o.e.m.c.i.e.AbstractTransferListenerAdapter - Downloading https://repo.maven.apache.org/maven2/io/cucumber/docstring/7.21.1/docstring-7.21.1-sources.jar
2025-04-16 21:28:00,958 [Worker-63: Download sources and javadoc] INFO  o.e.m.c.i.e.AbstractTransferListenerAdapter - Downloaded https://repo.maven.apache.org/maven2/io/cucumber/docstring/7.21.1/docstring-7.21.1-sources.jar
2025-04-16 21:28:00,959 [Worker-63: Download sources and javadoc] INFO  o.e.m.j.internal.DownloadSourcesJob - Downloaded sources for io.cucumber:docstring:7.21.1
2025-04-16 21:28:00,998 [Worker-63: Download sources and javadoc] INFO  o.e.m.c.i.e.AbstractTransferListenerAdapter - Downloading https://repo.maven.apache.org/maven2/io/cucumber/html-formatter/21.9.0/html-formatter-21.9.0-sources.jar
2025-04-16 21:28:01,038 [Worker-63: Download sources and javadoc] INFO  o.e.m.c.i.e.AbstractTransferListenerAdapter - Downloaded https://repo.maven.apache.org/maven2/io/cucumber/html-formatter/21.9.0/html-formatter-21.9.0-sources.jar
2025-04-16 21:28:01,040 [Worker-63: Download sources and javadoc] INFO  o.e.m.j.internal.DownloadSourcesJob - Downloaded sources for io.cucumber:html-formatter:21.9.0
2025-04-16 21:28:01,077 [Worker-63: Download sources and javadoc] INFO  o.e.m.c.i.e.AbstractTransferListenerAdapter - Downloading https://repo.maven.apache.org/maven2/io/cucumber/junit-xml-formatter/0.7.1/junit-xml-formatter-0.7.1-sources.jar
2025-04-16 21:28:01,078 [Worker-63: Download sources and javadoc] INFO  o.e.m.c.i.e.AbstractTransferListenerAdapter - Downloaded https://repo.maven.apache.org/maven2/io/cucumber/junit-xml-formatter/0.7.1/junit-xml-formatter-0.7.1-sources.jar
2025-04-16 21:28:01,079 [Worker-63: Download sources and javadoc] INFO  o.e.m.j.internal.DownloadSourcesJob - Downloaded sources for io.cucumber:junit-xml-formatter:0.7.1
2025-04-16 21:28:01,356 [Worker-63: Download sources and javadoc] INFO  o.e.m.c.i.e.AbstractTransferListenerAdapter - Downloading https://repo.maven.apache.org/maven2/io/cucumber/cucumber-junit-platform-engine/7.21.1/cucumber-junit-platform-engine-7.21.1-sources.jar
2025-04-16 21:28:01,359 [Worker-63: Download sources and javadoc] INFO  o.e.m.c.i.e.AbstractTransferListenerAdapter - Downloaded https://repo.maven.apache.org/maven2/io/cucumber/cucumber-junit-platform-engine/7.21.1/cucumber-junit-platform-engine-7.21.1-sources.jar
2025-04-16 21:28:01,360 [Worker-63: Download sources and javadoc] INFO  o.e.m.j.internal.DownloadSourcesJob - Downloaded sources for io.cucumber:cucumber-junit-platform-engine:7.21.1
2025-04-16 21:28:01,405 [Worker-63: Download sources and javadoc] INFO  o.e.m.c.i.e.AbstractTransferListenerAdapter - Downloading https://repo.maven.apache.org/maven2/org/junit/platform/junit-platform-engine/1.11.4/junit-platform-engine-1.11.4-sources.jar
2025-04-16 21:28:01,427 [Worker-63: Download sources and javadoc] INFO  o.e.m.c.i.e.AbstractTransferListenerAdapter - Downloaded https://repo.maven.apache.org/maven2/org/junit/platform/junit-platform-engine/1.11.4/junit-platform-engine-1.11.4-sources.jar
2025-04-16 21:28:01,428 [Worker-63: Download sources and javadoc] INFO  o.e.m.j.internal.DownloadSourcesJob - Downloaded sources for org.junit.platform:junit-platform-engine:1.11.4
2025-04-16 21:28:01,479 [Worker-63: Download sources and javadoc] INFO  o.e.m.c.i.e.AbstractTransferListenerAdapter - Downloading https://repo.maven.apache.org/maven2/org/junit/platform/junit-platform-commons/1.11.4/junit-platform-commons-1.11.4-sources.jar
2025-04-16 21:28:01,493 [Worker-63: Download sources and javadoc] INFO  o.e.m.c.i.e.AbstractTransferListenerAdapter - Downloaded https://repo.maven.apache.org/maven2/org/junit/platform/junit-platform-commons/1.11.4/junit-platform-commons-1.11.4-sources.jar
2025-04-16 21:28:01,495 [Worker-63: Download sources and javadoc] INFO  o.e.m.j.internal.DownloadSourcesJob - Downloaded sources for org.junit.platform:junit-platform-commons:1.11.4
2025-04-16 21:28:01,535 [Worker-63: Download sources and javadoc] INFO  o.e.m.c.i.e.AbstractTransferListenerAdapter - Downloading https://repo.maven.apache.org/maven2/org/junit/platform/junit-platform-suite/1.11.4/junit-platform-suite-1.11.4-sources.jar
2025-04-16 21:28:01,537 [Worker-63: Download sources and javadoc] INFO  o.e.m.c.i.e.AbstractTransferListenerAdapter - Downloaded https://repo.maven.apache.org/maven2/org/junit/platform/junit-platform-suite/1.11.4/junit-platform-suite-1.11.4-sources.jar
2025-04-16 21:28:01,540 [Worker-63: Download sources and javadoc] INFO  o.e.m.j.internal.DownloadSourcesJob - Downloaded sources for org.junit.platform:junit-platform-suite:1.11.4
2025-04-16 21:28:01,598 [Worker-63: Download sources and javadoc] INFO  o.e.m.c.i.e.AbstractTransferListenerAdapter - Downloading https://repo.maven.apache.org/maven2/org/junit/platform/junit-platform-suite-api/1.11.4/junit-platform-suite-api-1.11.4-sources.jar
2025-04-16 21:28:01,601 [Worker-63: Download sources and javadoc] INFO  o.e.m.c.i.e.AbstractTransferListenerAdapter - Downloaded https://repo.maven.apache.org/maven2/org/junit/platform/junit-platform-suite-api/1.11.4/junit-platform-suite-api-1.11.4-sources.jar
2025-04-16 21:28:01,604 [Worker-63: Download sources and javadoc] INFO  o.e.m.j.internal.DownloadSourcesJob - Downloaded sources for org.junit.platform:junit-platform-suite-api:1.11.4
2025-04-16 21:28:01,657 [Worker-63: Download sources and javadoc] INFO  o.e.m.c.i.e.AbstractTransferListenerAdapter - Downloading https://repo.maven.apache.org/maven2/org/junit/platform/junit-platform-suite-engine/1.11.4/junit-platform-suite-engine-1.11.4-sources.jar
2025-04-16 21:28:01,659 [Worker-63: Download sources and javadoc] INFO  o.e.m.c.i.e.AbstractTransferListenerAdapter - Downloaded https://repo.maven.apache.org/maven2/org/junit/platform/junit-platform-suite-engine/1.11.4/junit-platform-suite-engine-1.11.4-sources.jar
2025-04-16 21:28:01,663 [Worker-63: Download sources and javadoc] INFO  o.e.m.j.internal.DownloadSourcesJob - Downloaded sources for org.junit.platform:junit-platform-suite-engine:1.11.4
2025-04-16 21:28:01,713 [Worker-63: Download sources and javadoc] INFO  o.e.m.c.i.e.AbstractTransferListenerAdapter - Downloading https://repo.maven.apache.org/maven2/org/junit/platform/junit-platform-suite-commons/1.11.4/junit-platform-suite-commons-1.11.4-sources.jar
2025-04-16 21:28:01,722 [Worker-63: Download sources and javadoc] INFO  o.e.m.c.i.e.AbstractTransferListenerAdapter - Downloaded https://repo.maven.apache.org/maven2/org/junit/platform/junit-platform-suite-commons/1.11.4/junit-platform-suite-commons-1.11.4-sources.jar
2025-04-16 21:28:01,724 [Worker-63: Download sources and javadoc] INFO  o.e.m.j.internal.DownloadSourcesJob - Downloaded sources for org.junit.platform:junit-platform-suite-commons:1.11.4
2025-04-16 21:28:01,780 [Worker-63: Download sources and javadoc] INFO  o.e.m.c.i.e.AbstractTransferListenerAdapter - Downloading https://repo.maven.apache.org/maven2/org/junit/platform/junit-platform-launcher/1.11.4/junit-platform-launcher-1.11.4-sources.jar
2025-04-16 21:28:01,795 [Worker-63: Download sources and javadoc] INFO  o.e.m.c.i.e.AbstractTransferListenerAdapter - Downloaded https://repo.maven.apache.org/maven2/org/junit/platform/junit-platform-launcher/1.11.4/junit-platform-launcher-1.11.4-sources.jar
2025-04-16 21:28:01,797 [Worker-63: Download sources and javadoc] INFO  o.e.m.j.internal.DownloadSourcesJob - Downloaded sources for org.junit.platform:junit-platform-launcher:1.11.4
2025-04-16 21:28:01,835 [Worker-63: Download sources and javadoc] INFO  o.e.m.c.i.e.AbstractTransferListenerAdapter - Downloading https://repo.maven.apache.org/maven2/org/assertj/assertj-core/3.27.3/assertj-core-3.27.3-sources.jar
2025-04-16 21:28:01,912 [Worker-63: Download sources and javadoc] INFO  o.e.m.c.i.e.AbstractTransferListenerAdapter - Downloaded https://repo.maven.apache.org/maven2/org/assertj/assertj-core/3.27.3/assertj-core-3.27.3-sources.jar
2025-04-16 21:28:01,916 [Worker-63: Download sources and javadoc] INFO  o.e.m.j.internal.DownloadSourcesJob - Downloaded sources for org.assertj:assertj-core:3.27.3
2025-04-16 21:28:53,833 [Worker-60: Building] INFO  o.e.m.c.i.l.LifecycleMappingFactory - Using org.eclipse.m2e.jdt.JarLifecycleMapping lifecycle mapping for MavenProject: capstonProject_SA2411063:capston:0.0.1-SNAPSHOT @ /Volumes/Renuka/Training_Materials/SA2411063_CapstoneProjects/capston/pom.xml.
2025-04-16 21:28:54,444 [Worker-60: Building] INFO  o.a.m.s.f.DefaultMavenResourcesFiltering - skip non existing resourceDirectory /Volumes/Renuka/Training_Materials/SA2411063_CapstoneProjects/capston/src/main/resources
2025-04-16 21:28:54,465 [Worker-60: Building] INFO  o.a.m.s.f.DefaultMavenResourcesFiltering - Copying 0 resource from src/test/resources to target/test-classes
2025-04-16 21:28:56,171 [Worker-61: Building] INFO  o.a.m.s.f.DefaultMavenResourcesFiltering - skip non existing resourceDirectory /Volumes/Renuka/Training_Materials/SA2411063_CapstoneProjects/capston/src/main/resources
2025-04-16 21:28:56,175 [Worker-61: Building] INFO  o.a.m.s.f.DefaultMavenResourcesFiltering - Copying 1 resource from src/test/resources to target/test-classes
2025-04-16 21:29:35,882 [Worker-63: Building] INFO  o.a.m.s.f.DefaultMavenResourcesFiltering - skip non existing resourceDirectory /Volumes/Renuka/Training_Materials/SA2411063_CapstoneProjects/capston/src/main/resources
2025-04-16 21:29:35,901 [Worker-63: Building] INFO  o.a.m.s.f.DefaultMavenResourcesFiltering - Copying 1 resource from src/test/resources to target/test-classes
2025-04-16 21:29:40,423 [Worker-64: Building] INFO  o.a.m.s.f.DefaultMavenResourcesFiltering - skip non existing resourceDirectory /Volumes/Renuka/Training_Materials/SA2411063_CapstoneProjects/capston/src/main/resources
2025-04-16 21:29:40,426 [Worker-64: Building] INFO  o.a.m.s.f.DefaultMavenResourcesFiltering - Copying 1 resource from src/test/resources to target/test-classes
2025-04-16 21:29:57,290 [Worker-64: Building] INFO  o.a.m.s.f.DefaultMavenResourcesFiltering - skip non existing resourceDirectory /Volumes/Renuka/Training_Materials/SA2411063_CapstoneProjects/capston/src/main/resources
2025-04-16 21:29:57,297 [Worker-64: Building] INFO  o.a.m.s.f.DefaultMavenResourcesFiltering - Copying 0 resource from src/test/resources to target/test-classes
2025-04-16 21:35:50,357 [Worker-57: Building] INFO  o.a.m.s.f.DefaultMavenResourcesFiltering - Copying 0 resource from src/main/resources to target/classes
2025-04-16 21:35:50,362 [Worker-57: Building] INFO  o.a.m.s.f.DefaultMavenResourcesFiltering - Copying 0 resource from src/test/resources to target/test-classes
2025-04-16 21:38:05,686 [Worker-61: Building] INFO  o.a.m.s.f.DefaultMavenResourcesFiltering - Copying 0 resource from src/main/resources to target/classes
2025-04-16 21:38:05,690 [Worker-61: Building] INFO  o.a.m.s.f.DefaultMavenResourcesFiltering - Copying 0 resource from src/test/resources to target/test-classes
2025-04-16 21:40:56,098 [Worker-67: Building] INFO  o.a.m.s.f.DefaultMavenResourcesFiltering - Copying 0 resource from src/main/resources to target/classes
2025-04-16 21:40:56,108 [Worker-67: Building] INFO  o.a.m.s.f.DefaultMavenResourcesFiltering - Copying 1 resource from src/test/resources to target/test-classes
2025-04-16 21:49:51,076 [Worker-61: Building] INFO  o.a.m.s.f.DefaultMavenResourcesFiltering - Copying 0 resource from src/main/resources to target/classes
2025-04-16 21:49:51,100 [Worker-61: Building] INFO  o.a.m.s.f.DefaultMavenResourcesFiltering - Copying 1 resource from src/test/resources to target/test-classes
2025-04-16 21:50:06,340 [Worker-61: Building] INFO  o.a.m.s.f.DefaultMavenResourcesFiltering - Copying 0 resource from src/main/resources to target/classes
2025-04-16 21:50:06,343 [Worker-61: Building] INFO  o.a.m.s.f.DefaultMavenResourcesFiltering - Copying 1 resource from src/test/resources to target/test-classes
2025-04-16 21:50:52,639 [Worker-68: Building] INFO  o.a.m.s.f.DefaultMavenResourcesFiltering - Copying 0 resource from src/main/resources to target/classes
2025-04-16 21:50:52,644 [Worker-68: Building] INFO  o.a.m.s.f.DefaultMavenResourcesFiltering - Copying 0 resource from src/test/resources to target/test-classes
2025-04-16 21:51:01,728 [Worker-68: Building] INFO  o.a.m.s.f.DefaultMavenResourcesFiltering - Copying 0 resource from src/main/resources to target/classes
2025-04-16 21:51:01,733 [Worker-68: Building] INFO  o.a.m.s.f.DefaultMavenResourcesFiltering - Copying 1 resource from src/test/resources to target/test-classes
2025-04-16 21:51:30,318 [Worker-71: Building] INFO  o.a.m.s.f.DefaultMavenResourcesFiltering - Copying 0 resource from src/main/resources to target/classes
2025-04-16 21:51:30,324 [Worker-71: Building] INFO  o.a.m.s.f.DefaultMavenResourcesFiltering - Copying 0 resource from src/test/resources to target/test-classes
2025-04-16 21:51:43,383 [Worker-68: Building] INFO  o.a.m.s.f.DefaultMavenResourcesFiltering - Copying 0 resource from src/main/resources to target/classes
2025-04-16 21:51:43,390 [Worker-68: Building] INFO  o.a.m.s.f.DefaultMavenResourcesFiltering - Copying 1 resource from src/test/resources to target/test-classes
2025-04-16 21:52:12,933 [Worker-61: Building] INFO  o.a.m.s.f.DefaultMavenResourcesFiltering - Copying 0 resource from src/main/resources to target/classes
2025-04-16 21:52:12,938 [Worker-61: Building] INFO  o.a.m.s.f.DefaultMavenResourcesFiltering - Copying 1 resource from src/test/resources to target/test-classes
2025-04-16 21:52:21,430 [Worker-66: Building] INFO  o.a.m.s.f.DefaultMavenResourcesFiltering - Copying 0 resource from src/main/resources to target/classes
2025-04-16 21:52:21,459 [Worker-66: Building] INFO  o.a.m.s.f.DefaultMavenResourcesFiltering - Copying 0 resource from src/test/resources to target/test-classes
2025-04-16 21:52:33,218 [Worker-68: Building] INFO  o.a.m.s.f.DefaultMavenResourcesFiltering - Copying 0 resource from src/main/resources to target/classes
2025-04-16 21:52:33,220 [Worker-68: Building] INFO  o.a.m.s.f.DefaultMavenResourcesFiltering - Copying 0 resource from src/test/resources to target/test-classes
2025-04-16 21:52:52,065 [Worker-66: Building] INFO  o.a.m.s.f.DefaultMavenResourcesFiltering - Copying 0 resource from src/main/resources to target/classes
2025-04-16 21:52:52,070 [Worker-66: Building] INFO  o.a.m.s.f.DefaultMavenResourcesFiltering - Copying 0 resource from src/test/resources to target/test-classes
2025-04-16 21:53:04,880 [Worker-57: Building] INFO  o.a.m.s.f.DefaultMavenResourcesFiltering - Copying 0 resource from src/main/resources to target/classes
2025-04-16 21:53:04,888 [Worker-57: Building] INFO  o.a.m.s.f.DefaultMavenResourcesFiltering - Copying 2 resources from src/test/resources to target/test-classes
2025-04-16 21:53:13,256 [Worker-69: Building] INFO  o.a.m.s.f.DefaultMavenResourcesFiltering - Copying 0 resource from src/main/resources to target/classes
2025-04-16 21:53:13,261 [Worker-69: Building] INFO  o.a.m.s.f.DefaultMavenResourcesFiltering - Copying 2 resources from src/test/resources to target/test-classes
2025-04-16 21:53:29,325 [Worker-71: Building] INFO  o.a.m.s.f.DefaultMavenResourcesFiltering - Copying 0 resource from src/main/resources to target/classes
2025-04-16 21:53:29,332 [Worker-71: Building] INFO  o.a.m.s.f.DefaultMavenResourcesFiltering - Copying 0 resource from src/test/resources to target/test-classes
2025-04-16 21:53:40,767 [Worker-69: Building] INFO  o.a.m.s.f.DefaultMavenResourcesFiltering - Copying 0 resource from src/main/resources to target/classes
2025-04-16 21:53:40,769 [Worker-69: Building] INFO  o.a.m.s.f.DefaultMavenResourcesFiltering - Copying 1 resource from src/test/resources to target/test-classes
2025-04-16 21:57:09,946 [Worker-57: Building] INFO  o.a.m.s.f.DefaultMavenResourcesFiltering - Copying 0 resource from src/main/resources to target/classes
2025-04-16 21:57:09,954 [Worker-57: Building] INFO  o.a.m.s.f.DefaultMavenResourcesFiltering - Copying 1 resource from src/test/resources to target/test-classes
2025-04-16 21:57:32,547 [Worker-70: Building] INFO  o.a.m.s.f.DefaultMavenResourcesFiltering - Copying 0 resource from src/main/resources to target/classes
2025-04-16 21:57:32,574 [Worker-70: Building] INFO  o.a.m.s.f.DefaultMavenResourcesFiltering - Copying 1 resource from src/test/resources to target/test-classes
2025-04-16 21:57:52,852 [Worker-66: Building] INFO  o.a.m.s.f.DefaultMavenResourcesFiltering - Copying 0 resource from src/main/resources to target/classes
2025-04-16 21:57:52,854 [Worker-66: Building] INFO  o.a.m.s.f.DefaultMavenResourcesFiltering - Copying 1 resource from src/test/resources to target/test-classes
2025-04-16 21:58:16,479 [Worker-68: Building] INFO  o.a.m.s.f.DefaultMavenResourcesFiltering - Copying 0 resource from src/main/resources to target/classes
2025-04-16 21:58:16,481 [Worker-68: Building] INFO  o.a.m.s.f.DefaultMavenResourcesFiltering - Copying 1 resource from src/test/resources to target/test-classes
2025-04-16 21:59:19,738 [Worker-66: Building] INFO  o.a.m.s.f.DefaultMavenResourcesFiltering - Copying 0 resource from src/main/resources to target/classes
2025-04-16 21:59:19,740 [Worker-66: Building] INFO  o.a.m.s.f.DefaultMavenResourcesFiltering - Copying 2 resources from src/test/resources to target/test-classes
2025-04-16 22:00:46,672 [Worker-66: Building] INFO  o.a.m.s.f.DefaultMavenResourcesFiltering - Copying 0 resource from src/main/resources to target/classes
2025-04-16 22:00:46,675 [Worker-66: Building] INFO  o.a.m.s.f.DefaultMavenResourcesFiltering - Copying 0 resource from src/test/resources to target/test-classes
2025-04-16 22:02:26,940 [Worker-61: Building] INFO  o.a.m.s.f.DefaultMavenResourcesFiltering - Copying 0 resource from src/main/resources to target/classes
2025-04-16 22:02:26,945 [Worker-61: Building] INFO  o.a.m.s.f.DefaultMavenResourcesFiltering - Copying 2 resources from src/test/resources to target/test-classes
2025-04-16 22:02:36,473 [Worker-69: Build project capston] INFO  o.a.m.s.f.DefaultMavenResourcesFiltering - Copying 0 resource from src/main/resources to target/classes
2025-04-16 22:02:36,475 [Worker-69: Build project capston] INFO  o.a.m.s.f.DefaultMavenResourcesFiltering - Copying 2 resources from src/test/resources to target/test-classes
2025-04-16 22:03:47,491 [Worker-68: Building] INFO  o.a.m.s.f.DefaultMavenResourcesFiltering - Copying 0 resource from src/main/resources to target/classes
2025-04-16 22:03:47,506 [Worker-68: Building] INFO  o.a.m.s.f.DefaultMavenResourcesFiltering - Copying 2 resources from src/test/resources to target/test-classes
2025-04-16 22:04:13,786 [Worker-57: Building] INFO  o.a.m.s.f.DefaultMavenResourcesFiltering - Copying 0 resource from src/main/resources to target/classes
2025-04-16 22:04:13,790 [Worker-57: Building] INFO  o.a.m.s.f.DefaultMavenResourcesFiltering - Copying 2 resources from src/test/resources to target/test-classes
2025-04-16 22:05:39,116 [Worker-66: Building] INFO  o.a.m.s.f.DefaultMavenResourcesFiltering - Copying 0 resource from src/main/resources to target/classes
2025-04-16 22:05:39,121 [Worker-66: Building] INFO  o.a.m.s.f.DefaultMavenResourcesFiltering - Copying 1 resource from src/test/resources to target/test-classes
2025-04-16 22:06:50,603 [Worker-68: Building] INFO  o.a.m.s.f.DefaultMavenResourcesFiltering - Copying 0 resource from src/main/resources to target/classes
2025-04-16 22:06:50,607 [Worker-68: Building] INFO  o.a.m.s.f.DefaultMavenResourcesFiltering - Copying 0 resource from src/test/resources to target/test-classes
2025-04-16 22:08:14,413 [Worker-57: Building] INFO  o.a.m.s.f.DefaultMavenResourcesFiltering - Copying 0 resource from src/main/resources to target/classes
2025-04-16 22:08:14,416 [Worker-57: Building] INFO  o.a.m.s.f.DefaultMavenResourcesFiltering - Copying 0 resource from src/test/resources to target/test-classes
2025-04-16 22:08:25,282 [Worker-61: Building] INFO  o.a.m.s.f.DefaultMavenResourcesFiltering - Copying 0 resource from src/main/resources to target/classes
2025-04-16 22:08:25,284 [Worker-61: Building] INFO  o.a.m.s.f.DefaultMavenResourcesFiltering - Copying 0 resource from src/test/resources to target/test-classes
2025-04-16 22:08:30,467 [Worker-66: Building] INFO  o.a.m.s.f.DefaultMavenResourcesFiltering - Copying 0 resource from src/main/resources to target/classes
2025-04-16 22:08:30,468 [Worker-66: Building] INFO  o.a.m.s.f.DefaultMavenResourcesFiltering - Copying 0 resource from src/test/resources to target/test-classes
2025-04-16 22:08:57,150 [Worker-66: Building] INFO  o.a.m.s.f.DefaultMavenResourcesFiltering - Copying 0 resource from src/main/resources to target/classes
2025-04-16 22:08:57,155 [Worker-66: Building] INFO  o.a.m.s.f.DefaultMavenResourcesFiltering - Copying 0 resource from src/test/resources to target/test-classes
2025-04-16 22:09:33,845 [Worker-69: Building] INFO  o.a.m.s.f.DefaultMavenResourcesFiltering - Copying 0 resource from src/main/resources to target/classes
2025-04-16 22:09:33,847 [Worker-69: Building] INFO  o.a.m.s.f.DefaultMavenResourcesFiltering - Copying 2 resources from src/test/resources to target/test-classes
2025-04-16 22:10:51,121 [Worker-68: Building] INFO  o.a.m.s.f.DefaultMavenResourcesFiltering - Copying 0 resource from src/main/resources to target/classes
2025-04-16 22:10:51,140 [Worker-68: Building] INFO  o.a.m.s.f.DefaultMavenResourcesFiltering - Copying 0 resource from src/test/resources to target/test-classes
2025-04-16 22:11:32,720 [Worker-70: Building] INFO  o.a.m.s.f.DefaultMavenResourcesFiltering - Copying 0 resource from src/main/resources to target/classes
2025-04-16 22:11:32,724 [Worker-70: Building] INFO  o.a.m.s.f.DefaultMavenResourcesFiltering - Copying 0 resource from src/test/resources to target/test-classes
2025-04-16 22:12:03,018 [Worker-61: Building] INFO  o.a.m.s.f.DefaultMavenResourcesFiltering - Copying 0 resource from src/main/resources to target/classes
2025-04-16 22:12:03,020 [Worker-61: Building] INFO  o.a.m.s.f.DefaultMavenResourcesFiltering - Copying 0 resource from src/test/resources to target/test-classes
2025-04-16 22:12:48,879 [Worker-57: Building] INFO  o.a.m.s.f.DefaultMavenResourcesFiltering - Copying 0 resource from src/main/resources to target/classes
2025-04-16 22:12:48,881 [Worker-57: Building] INFO  o.a.m.s.f.DefaultMavenResourcesFiltering - Copying 1 resource from src/test/resources to target/test-classes
2025-04-16 22:13:35,482 [Worker-69: Building] INFO  o.a.m.s.f.DefaultMavenResourcesFiltering - Copying 0 resource from src/main/resources to target/classes
2025-04-16 22:13:35,486 [Worker-69: Building] INFO  o.a.m.s.f.DefaultMavenResourcesFiltering - Copying 2 resources from src/test/resources to target/test-classes
2025-04-16 22:13:47,702 [Worker-69: Building] INFO  o.a.m.s.f.DefaultMavenResourcesFiltering - Copying 0 resource from src/main/resources to target/classes
2025-04-16 22:13:47,703 [Worker-69: Building] INFO  o.a.m.s.f.DefaultMavenResourcesFiltering - Copying 2 resources from src/test/resources to target/test-classes
2025-04-16 22:15:44,620 [Worker-57: Building] INFO  o.a.m.s.f.DefaultMavenResourcesFiltering - Copying 0 resource from src/main/resources to target/classes
2025-04-16 22:15:44,622 [Worker-57: Building] INFO  o.a.m.s.f.DefaultMavenResourcesFiltering - Copying 0 resource from src/test/resources to target/test-classes
2025-04-16 22:15:50,716 [Worker-68: Building] INFO  o.a.m.s.f.DefaultMavenResourcesFiltering - Copying 0 resource from src/main/resources to target/classes
2025-04-16 22:15:50,734 [Worker-68: Building] INFO  o.a.m.s.f.DefaultMavenResourcesFiltering - Copying 0 resource from src/test/resources to target/test-classes
2025-04-16 22:17:25,285 [Worker-66: Building] INFO  o.a.m.s.f.DefaultMavenResourcesFiltering - Copying 0 resource from src/main/resources to target/classes
2025-04-16 22:17:25,289 [Worker-66: Building] INFO  o.a.m.s.f.DefaultMavenResourcesFiltering - Copying 0 resource from src/test/resources to target/test-classes
2025-04-16 22:18:34,035 [Worker-69: Building] INFO  o.a.m.s.f.DefaultMavenResourcesFiltering - Copying 0 resource from src/main/resources to target/classes
2025-04-16 22:18:34,038 [Worker-69: Building] INFO  o.a.m.s.f.DefaultMavenResourcesFiltering - Copying 0 resource from src/test/resources to target/test-classes
2025-04-16 22:20:57,283 [Worker-68: Building] INFO  o.a.m.s.f.DefaultMavenResourcesFiltering - Copying 0 resource from src/main/resources to target/classes
2025-04-16 22:20:57,286 [Worker-68: Building] INFO  o.a.m.s.f.DefaultMavenResourcesFiltering - Copying 0 resource from src/test/resources to target/test-classes
2025-04-16 22:22:29,465 [Worker-68: Building] INFO  o.a.m.s.f.DefaultMavenResourcesFiltering - Copying 0 resource from src/main/resources to target/classes
2025-04-16 22:22:29,468 [Worker-68: Building] INFO  o.a.m.s.f.DefaultMavenResourcesFiltering - Copying 0 resource from src/test/resources to target/test-classes
2025-04-16 22:23:16,189 [Worker-66: Building] INFO  o.a.m.s.f.DefaultMavenResourcesFiltering - Copying 0 resource from src/main/resources to target/classes
2025-04-16 22:23:16,199 [Worker-66: Building] INFO  o.a.m.s.f.DefaultMavenResourcesFiltering - Copying 0 resource from src/test/resources to target/test-classes
2025-04-16 22:24:37,078 [Worker-72: Building] INFO  o.a.m.s.f.DefaultMavenResourcesFiltering - Copying 0 resource from src/main/resources to target/classes
2025-04-16 22:24:37,081 [Worker-72: Building] INFO  o.a.m.s.f.DefaultMavenResourcesFiltering - Copying 2 resources from src/test/resources to target/test-classes
2025-04-16 22:25:18,323 [Worker-57: Building] INFO  o.a.m.s.f.DefaultMavenResourcesFiltering - Copying 0 resource from src/main/resources to target/classes
2025-04-16 22:25:18,346 [Worker-57: Building] INFO  o.a.m.s.f.DefaultMavenResourcesFiltering - Copying 0 resource from src/test/resources to target/test-classes
2025-04-16 22:25:20,633 [Worker-68: Building] INFO  o.a.m.s.f.DefaultMavenResourcesFiltering - Copying 0 resource from src/main/resources to target/classes
2025-04-16 22:25:20,636 [Worker-68: Building] INFO  o.a.m.s.f.DefaultMavenResourcesFiltering - Copying 0 resource from src/test/resources to target/test-classes
2025-04-16 22:25:41,417 [Worker-73: Building] INFO  o.a.m.s.f.DefaultMavenResourcesFiltering - Copying 0 resource from src/main/resources to target/classes
2025-04-16 22:25:41,422 [Worker-73: Building] INFO  o.a.m.s.f.DefaultMavenResourcesFiltering - Copying 0 resource from src/test/resources to target/test-classes
2025-04-16 22:26:27,452 [Worker-57: Building] INFO  o.a.m.s.f.DefaultMavenResourcesFiltering - Copying 0 resource from src/main/resources to target/classes
2025-04-16 22:26:27,455 [Worker-57: Building] INFO  o.a.m.s.f.DefaultMavenResourcesFiltering - Copying 0 resource from src/test/resources to target/test-classes
2025-04-16 22:26:56,839 [Worker-57: Building] INFO  o.a.m.s.f.DefaultMavenResourcesFiltering - Copying 0 resource from src/main/resources to target/classes
2025-04-16 22:26:56,843 [Worker-57: Building] INFO  o.a.m.s.f.DefaultMavenResourcesFiltering - Copying 0 resource from src/test/resources to target/test-classes
2025-04-16 22:27:48,233 [Worker-73: Building] INFO  o.a.m.s.f.DefaultMavenResourcesFiltering - Copying 0 resource from src/main/resources to target/classes
2025-04-16 22:27:48,236 [Worker-73: Building] INFO  o.a.m.s.f.DefaultMavenResourcesFiltering - Copying 0 resource from src/test/resources to target/test-classes
2025-04-16 22:28:00,029 [Worker-68: Building] INFO  o.a.m.s.f.DefaultMavenResourcesFiltering - Copying 0 resource from src/main/resources to target/classes
2025-04-16 22:28:00,032 [Worker-68: Building] INFO  o.a.m.s.f.DefaultMavenResourcesFiltering - Copying 0 resource from src/test/resources to target/test-classes
2025-04-16 22:29:10,665 [Worker-72: Building] INFO  o.a.m.s.f.DefaultMavenResourcesFiltering - Copying 0 resource from src/main/resources to target/classes
2025-04-16 22:29:10,666 [Worker-72: Building] INFO  o.a.m.s.f.DefaultMavenResourcesFiltering - Copying 0 resource from src/test/resources to target/test-classes
2025-04-16 22:30:37,331 [Worker-73: Building] INFO  o.a.m.s.f.DefaultMavenResourcesFiltering - Copying 0 resource from src/main/resources to target/classes
2025-04-16 22:30:37,373 [Worker-73: Building] INFO  o.a.m.s.f.DefaultMavenResourcesFiltering - Copying 2 resources from src/test/resources to target/test-classes
2025-04-16 22:31:48,483 [Worker-72: Building] INFO  o.a.m.s.f.DefaultMavenResourcesFiltering - Copying 0 resource from src/main/resources to target/classes
2025-04-16 22:31:48,486 [Worker-72: Building] INFO  o.a.m.s.f.DefaultMavenResourcesFiltering - Copying 0 resource from src/test/resources to target/test-classes
2025-04-16 22:31:58,393 [Worker-72: Building] INFO  o.a.m.s.f.DefaultMavenResourcesFiltering - Copying 0 resource from src/main/resources to target/classes
2025-04-16 22:31:58,398 [Worker-72: Building] INFO  o.a.m.s.f.DefaultMavenResourcesFiltering - Copying 2 resources from src/test/resources to target/test-classes
2025-04-16 22:32:08,614 [Worker-66: Building] INFO  o.a.m.s.f.DefaultMavenResourcesFiltering - Copying 0 resource from src/main/resources to target/classes
2025-04-16 22:32:08,615 [Worker-66: Building] INFO  o.a.m.s.f.DefaultMavenResourcesFiltering - Copying 2 resources from src/test/resources to target/test-classes
2025-04-16 22:32:26,729 [Worker-73: Building] INFO  o.a.m.s.f.DefaultMavenResourcesFiltering - Copying 0 resource from src/main/resources to target/classes
2025-04-16 22:32:26,730 [Worker-73: Building] INFO  o.a.m.s.f.DefaultMavenResourcesFiltering - Copying 0 resource from src/test/resources to target/test-classes
2025-04-16 22:33:57,963 [Worker-73: Building] INFO  o.a.m.s.f.DefaultMavenResourcesFiltering - Copying 0 resource from src/main/resources to target/classes
2025-04-16 22:33:57,965 [Worker-73: Building] INFO  o.a.m.s.f.DefaultMavenResourcesFiltering - Copying 2 resources from src/test/resources to target/test-classes
2025-04-16 22:35:35,252 [Worker-73: Building] INFO  o.a.m.s.f.DefaultMavenResourcesFiltering - Copying 0 resource from src/main/resources to target/classes
2025-04-16 22:35:35,269 [Worker-73: Building] INFO  o.a.m.s.f.DefaultMavenResourcesFiltering - Copying 2 resources from src/test/resources to target/test-classes
2025-04-16 22:35:43,390 [Worker-66: Building] INFO  o.a.m.s.f.DefaultMavenResourcesFiltering - Copying 0 resource from src/main/resources to target/classes
2025-04-16 22:35:43,393 [Worker-66: Building] INFO  o.a.m.s.f.DefaultMavenResourcesFiltering - Copying 2 resources from src/test/resources to target/test-classes
2025-04-16 22:35:58,498 [Worker-57: Building] INFO  o.a.m.s.f.DefaultMavenResourcesFiltering - Copying 0 resource from src/main/resources to target/classes
2025-04-16 22:35:58,499 [Worker-57: Building] INFO  o.a.m.s.f.DefaultMavenResourcesFiltering - Copying 0 resource from src/test/resources to target/test-classes
2025-04-16 22:38:03,702 [Worker-57: Building] INFO  o.a.m.s.f.DefaultMavenResourcesFiltering - Copying 0 resource from src/main/resources to target/classes
2025-04-16 22:38:03,705 [Worker-57: Building] INFO  o.a.m.s.f.DefaultMavenResourcesFiltering - Copying 2 resources from src/test/resources to target/test-classes
2025-04-16 22:39:17,057 [Worker-73: Building] INFO  o.a.m.s.f.DefaultMavenResourcesFiltering - Copying 0 resource from src/main/resources to target/classes
2025-04-16 22:39:17,060 [Worker-73: Building] INFO  o.a.m.s.f.DefaultMavenResourcesFiltering - Copying 2 resources from src/test/resources to target/test-classes
2025-04-16 22:40:07,688 [Worker-72: Building] INFO  o.a.m.s.f.DefaultMavenResourcesFiltering - Copying 0 resource from src/main/resources to target/classes
2025-04-16 22:40:07,705 [Worker-72: Building] INFO  o.a.m.s.f.DefaultMavenResourcesFiltering - Copying 2 resources from src/test/resources to target/test-classes
2025-04-16 22:40:41,872 [Worker-72: Building] INFO  o.a.m.s.f.DefaultMavenResourcesFiltering - Copying 0 resource from src/main/resources to target/classes
2025-04-16 22:40:41,875 [Worker-72: Building] INFO  o.a.m.s.f.DefaultMavenResourcesFiltering - Copying 0 resource from src/test/resources to target/test-classes
2025-04-16 22:41:59,554 [Worker-72: Building] INFO  o.a.m.s.f.DefaultMavenResourcesFiltering - Copying 0 resource from src/main/resources to target/classes
2025-04-16 22:41:59,556 [Worker-72: Building] INFO  o.a.m.s.f.DefaultMavenResourcesFiltering - Copying 0 resource from src/test/resources to target/test-classes
2025-04-16 22:42:06,109 [Worker-57: Building] INFO  o.a.m.s.f.DefaultMavenResourcesFiltering - Copying 0 resource from src/main/resources to target/classes
2025-04-16 22:42:06,111 [Worker-57: Building] INFO  o.a.m.s.f.DefaultMavenResourcesFiltering - Copying 0 resource from src/test/resources to target/test-classes
2025-04-16 22:42:11,675 [Worker-66: Building] INFO  o.a.m.s.f.DefaultMavenResourcesFiltering - Copying 0 resource from src/main/resources to target/classes
2025-04-16 22:42:11,676 [Worker-66: Building] INFO  o.a.m.s.f.DefaultMavenResourcesFiltering - Copying 0 resource from src/test/resources to target/test-classes
2025-04-16 22:42:14,712 [Worker-72: Building] INFO  o.a.m.s.f.DefaultMavenResourcesFiltering - Copying 0 resource from src/main/resources to target/classes
2025-04-16 22:42:14,714 [Worker-72: Building] INFO  o.a.m.s.f.DefaultMavenResourcesFiltering - Copying 0 resource from src/test/resources to target/test-classes
2025-04-16 22:42:33,648 [Worker-72: Building] INFO  o.a.m.s.f.DefaultMavenResourcesFiltering - Copying 0 resource from src/main/resources to target/classes
2025-04-16 22:42:33,650 [Worker-72: Building] INFO  o.a.m.s.f.DefaultMavenResourcesFiltering - Copying 2 resources from src/test/resources to target/test-classes
2025-04-16 22:42:45,578 [Worker-57: Building] INFO  o.a.m.s.f.DefaultMavenResourcesFiltering - Copying 0 resource from src/main/resources to target/classes
2025-04-16 22:42:45,579 [Worker-57: Building] INFO  o.a.m.s.f.DefaultMavenResourcesFiltering - Copying 2 resources from src/test/resources to target/test-classes
2025-04-16 22:46:46,159 [Worker-72: Building] INFO  o.a.m.s.f.DefaultMavenResourcesFiltering - Copying 0 resource from src/main/resources to target/classes
2025-04-16 22:46:46,178 [Worker-72: Building] INFO  o.a.m.s.f.DefaultMavenResourcesFiltering - Copying 0 resource from src/test/resources to target/test-classes
2025-04-16 22:47:07,608 [Worker-66: Building] INFO  o.a.m.s.f.DefaultMavenResourcesFiltering - Copying 0 resource from src/main/resources to target/classes
2025-04-16 22:47:07,611 [Worker-66: Building] INFO  o.a.m.s.f.DefaultMavenResourcesFiltering - Copying 0 resource from src/test/resources to target/test-classes
2025-04-16 22:47:55,730 [Worker-68: Building] INFO  o.a.m.s.f.DefaultMavenResourcesFiltering - Copying 0 resource from src/main/resources to target/classes
2025-04-16 22:47:55,732 [Worker-68: Building] INFO  o.a.m.s.f.DefaultMavenResourcesFiltering - Copying 0 resource from src/test/resources to target/test-classes
2025-04-16 22:48:55,880 [Worker-57: Building] INFO  o.a.m.s.f.DefaultMavenResourcesFiltering - Copying 0 resource from src/main/resources to target/classes
2025-04-16 22:48:55,885 [Worker-57: Building] INFO  o.a.m.s.f.DefaultMavenResourcesFiltering - Copying 0 resource from src/test/resources to target/test-classes
2025-04-16 22:49:53,434 [Worker-73: Building] INFO  o.a.m.s.f.DefaultMavenResourcesFiltering - Copying 0 resource from src/main/resources to target/classes
2025-04-16 22:49:53,455 [Worker-73: Building] INFO  o.a.m.s.f.DefaultMavenResourcesFiltering - Copying 0 resource from src/test/resources to target/test-classes
2025-04-16 22:49:59,777 [Worker-57: Building] INFO  o.a.m.s.f.DefaultMavenResourcesFiltering - Copying 0 resource from src/main/resources to target/classes
2025-04-16 22:49:59,781 [Worker-57: Building] INFO  o.a.m.s.f.DefaultMavenResourcesFiltering - Copying 0 resource from src/test/resources to target/test-classes
2025-04-16 22:51:07,007 [Worker-73: Building] INFO  o.a.m.s.f.DefaultMavenResourcesFiltering - Copying 0 resource from src/main/resources to target/classes
2025-04-16 22:51:07,011 [Worker-73: Building] INFO  o.a.m.s.f.DefaultMavenResourcesFiltering - Copying 0 resource from src/test/resources to target/test-classes
2025-04-16 22:51:35,373 [Worker-73: Building] INFO  o.a.m.s.f.DefaultMavenResourcesFiltering - Copying 0 resource from src/main/resources to target/classes
2025-04-16 22:51:35,375 [Worker-73: Building] INFO  o.a.m.s.f.DefaultMavenResourcesFiltering - Copying 2 resources from src/test/resources to target/test-classes
2025-04-16 22:52:02,230 [Worker-68: Building] INFO  o.a.m.s.f.DefaultMavenResourcesFiltering - Copying 0 resource from src/main/resources to target/classes
2025-04-16 22:52:02,234 [Worker-68: Building] INFO  o.a.m.s.f.DefaultMavenResourcesFiltering - Copying 0 resource from src/test/resources to target/test-classes
2025-04-16 22:53:27,336 [Worker-66: Building] INFO  o.a.m.s.f.DefaultMavenResourcesFiltering - Copying 0 resource from src/main/resources to target/classes
2025-04-16 22:53:27,343 [Worker-66: Building] INFO  o.a.m.s.f.DefaultMavenResourcesFiltering - Copying 0 resource from src/test/resources to target/test-classes
2025-04-16 22:53:44,449 [Worker-66: Building] INFO  o.a.m.s.f.DefaultMavenResourcesFiltering - Copying 0 resource from src/main/resources to target/classes
2025-04-16 22:53:44,451 [Worker-66: Building] INFO  o.a.m.s.f.DefaultMavenResourcesFiltering - Copying 0 resource from src/test/resources to target/test-classes
2025-04-16 23:45:24,486 [Worker-74: Building] INFO  o.a.m.s.f.DefaultMavenResourcesFiltering - Copying 0 resource from src/main/resources to target/classes
2025-04-16 23:45:24,509 [Worker-74: Building] INFO  o.a.m.s.f.DefaultMavenResourcesFiltering - Copying 0 resource from src/test/resources to target/test-classes
2025-04-16 23:47:06,772 [Worker-57: Building] INFO  o.a.m.s.f.DefaultMavenResourcesFiltering - Copying 0 resource from src/main/resources to target/classes
2025-04-16 23:47:06,774 [Worker-57: Building] INFO  o.a.m.s.f.DefaultMavenResourcesFiltering - Copying 0 resource from src/test/resources to target/test-classes
2025-04-16 23:50:42,110 [Worker-57: Building] INFO  o.a.m.s.f.DefaultMavenResourcesFiltering - Copying 0 resource from src/main/resources to target/classes
2025-04-16 23:50:42,127 [Worker-57: Building] INFO  o.a.m.s.f.DefaultMavenResourcesFiltering - Copying 2 resources from src/test/resources to target/test-classes
2025-04-16 23:52:11,358 [Worker-76: Building] INFO  o.a.m.s.f.DefaultMavenResourcesFiltering - Copying 0 resource from src/main/resources to target/classes
2025-04-16 23:52:11,361 [Worker-76: Building] INFO  o.a.m.s.f.DefaultMavenResourcesFiltering - Copying 0 resource from src/test/resources to target/test-classes
2025-04-16 23:52:18,026 [Worker-57: Building] INFO  o.a.m.s.f.DefaultMavenResourcesFiltering - Copying 0 resource from src/main/resources to target/classes
2025-04-16 23:52:18,027 [Worker-57: Building] INFO  o.a.m.s.f.DefaultMavenResourcesFiltering - Copying 0 resource from src/test/resources to target/test-classes
2025-04-16 23:54:20,086 [Worker-76: Building] INFO  o.a.m.s.f.DefaultMavenResourcesFiltering - Copying 0 resource from src/main/resources to target/classes
2025-04-16 23:54:20,088 [Worker-76: Building] INFO  o.a.m.s.f.DefaultMavenResourcesFiltering - Copying 0 resource from src/test/resources to target/test-classes
2025-04-16 23:54:49,293 [Worker-77: Building] INFO  o.a.m.s.f.DefaultMavenResourcesFiltering - Copying 0 resource from src/main/resources to target/classes
2025-04-16 23:54:49,294 [Worker-77: Building] INFO  o.a.m.s.f.DefaultMavenResourcesFiltering - Copying 0 resource from src/test/resources to target/test-classes
2025-04-16 23:54:54,584 [Worker-77: Building] INFO  o.a.m.s.f.DefaultMavenResourcesFiltering - Copying 0 resource from src/main/resources to target/classes
2025-04-16 23:54:54,584 [Worker-77: Building] INFO  o.a.m.s.f.DefaultMavenResourcesFiltering - Copying 2 resources from src/test/resources to target/test-classes
2025-04-16 23:55:12,509 [Worker-57: Building] INFO  o.a.m.s.f.DefaultMavenResourcesFiltering - Copying 0 resource from src/main/resources to target/classes
2025-04-16 23:55:12,510 [Worker-57: Building] INFO  o.a.m.s.f.DefaultMavenResourcesFiltering - Copying 2 resources from src/test/resources to target/test-classes
2025-04-16 23:56:07,751 [Worker-57: Building] INFO  o.a.m.s.f.DefaultMavenResourcesFiltering - Copying 0 resource from src/main/resources to target/classes
2025-04-16 23:56:07,752 [Worker-57: Building] INFO  o.a.m.s.f.DefaultMavenResourcesFiltering - Copying 0 resource from src/test/resources to target/test-classes
2025-04-16 23:56:19,896 [Worker-66: Building] INFO  o.a.m.s.f.DefaultMavenResourcesFiltering - Copying 0 resource from src/main/resources to target/classes
2025-04-16 23:56:19,913 [Worker-66: Building] INFO  o.a.m.s.f.DefaultMavenResourcesFiltering - Copying 2 resources from src/test/resources to target/test-classes
2025-04-16 23:57:02,582 [Worker-57: Building] INFO  o.a.m.s.f.DefaultMavenResourcesFiltering - Copying 0 resource from src/main/resources to target/classes
2025-04-16 23:57:02,586 [Worker-57: Building] INFO  o.a.m.s.f.DefaultMavenResourcesFiltering - Copying 0 resource from src/test/resources to target/test-classes
2025-04-16 23:57:08,147 [Worker-78: Building] INFO  o.a.m.s.f.DefaultMavenResourcesFiltering - Copying 0 resource from src/main/resources to target/classes
2025-04-16 23:57:08,149 [Worker-78: Building] INFO  o.a.m.s.f.DefaultMavenResourcesFiltering - Copying 0 resource from src/test/resources to target/test-classes
2025-04-16 23:57:12,583 [Worker-57: Building] INFO  o.a.m.s.f.DefaultMavenResourcesFiltering - Copying 0 resource from src/main/resources to target/classes
2025-04-16 23:57:12,584 [Worker-57: Building] INFO  o.a.m.s.f.DefaultMavenResourcesFiltering - Copying 2 resources from src/test/resources to target/test-classes
2025-04-16 23:58:06,064 [Worker-78: Building] INFO  o.a.m.s.f.DefaultMavenResourcesFiltering - Copying 0 resource from src/main/resources to target/classes
2025-04-16 23:58:06,066 [Worker-78: Building] INFO  o.a.m.s.f.DefaultMavenResourcesFiltering - Copying 0 resource from src/test/resources to target/test-classes
2025-04-16 23:58:12,590 [Worker-57: Building] INFO  o.a.m.s.f.DefaultMavenResourcesFiltering - Copying 0 resource from src/main/resources to target/classes
2025-04-16 23:58:12,591 [Worker-57: Building] INFO  o.a.m.s.f.DefaultMavenResourcesFiltering - Copying 0 resource from src/test/resources to target/test-classes
2025-04-16 23:58:22,983 [Worker-78: Building] INFO  o.a.m.s.f.DefaultMavenResourcesFiltering - Copying 0 resource from src/main/resources to target/classes
2025-04-16 23:58:22,984 [Worker-78: Building] INFO  o.a.m.s.f.DefaultMavenResourcesFiltering - Copying 0 resource from src/test/resources to target/test-classes
2025-04-16 23:58:28,477 [Worker-77: Building] INFO  o.a.m.s.f.DefaultMavenResourcesFiltering - Copying 0 resource from src/main/resources to target/classes
2025-04-16 23:58:28,477 [Worker-77: Building] INFO  o.a.m.s.f.DefaultMavenResourcesFiltering - Copying 0 resource from src/test/resources to target/test-classes
2025-04-16 23:58:35,736 [Worker-77: Building] INFO  o.a.m.s.f.DefaultMavenResourcesFiltering - Copying 0 resource from src/main/resources to target/classes
2025-04-16 23:58:35,737 [Worker-77: Building] INFO  o.a.m.s.f.DefaultMavenResourcesFiltering - Copying 2 resources from src/test/resources to target/test-classes
2025-04-16 23:59:01,023 [Worker-77: Building] INFO  o.a.m.s.f.DefaultMavenResourcesFiltering - Copying 0 resource from src/main/resources to target/classes
2025-04-16 23:59:01,024 [Worker-77: Building] INFO  o.a.m.s.f.DefaultMavenResourcesFiltering - Copying 2 resources from src/test/resources to target/test-classes
2025-04-16 23:59:58,936 [Worker-57: Building] INFO  o.a.m.s.f.DefaultMavenResourcesFiltering - Copying 0 resource from src/main/resources to target/classes
2025-04-16 23:59:58,956 [Worker-57: Building] INFO  o.a.m.s.f.DefaultMavenResourcesFiltering - Copying 0 resource from src/test/resources to target/test-classes
2025-04-17 00:00:02,154 [Worker-66: Building] INFO  o.a.m.s.f.DefaultMavenResourcesFiltering - Copying 0 resource from src/main/resources to target/classes
2025-04-17 00:00:02,156 [Worker-66: Building] INFO  o.a.m.s.f.DefaultMavenResourcesFiltering - Copying 0 resource from src/test/resources to target/test-classes
2025-04-17 00:01:25,411 [Worker-73: Building] INFO  o.a.m.s.f.DefaultMavenResourcesFiltering - Copying 0 resource from src/main/resources to target/classes
2025-04-17 00:01:25,413 [Worker-73: Building] INFO  o.a.m.s.f.DefaultMavenResourcesFiltering - Copying 0 resource from src/test/resources to target/test-classes
2025-04-17 00:01:45,083 [Worker-76: Building] INFO  o.a.m.s.f.DefaultMavenResourcesFiltering - Copying 0 resource from src/main/resources to target/classes
2025-04-17 00:01:45,084 [Worker-76: Building] INFO  o.a.m.s.f.DefaultMavenResourcesFiltering - Copying 0 resource from src/test/resources to target/test-classes
2025-04-17 00:04:00,893 [Worker-57: Building] INFO  o.a.m.s.f.DefaultMavenResourcesFiltering - Copying 0 resource from src/main/resources to target/classes
2025-04-17 00:04:00,914 [Worker-57: Building] INFO  o.a.m.s.f.DefaultMavenResourcesFiltering - Copying 2 resources from src/test/resources to target/test-classes
2025-04-17 00:04:38,788 [Worker-77: Building] INFO  o.a.m.s.f.DefaultMavenResourcesFiltering - Copying 0 resource from src/main/resources to target/classes
2025-04-17 00:04:38,791 [Worker-77: Building] INFO  o.a.m.s.f.DefaultMavenResourcesFiltering - Copying 0 resource from src/test/resources to target/test-classes
2025-04-17 00:05:47,247 [Worker-77: Building] INFO  o.a.m.s.f.DefaultMavenResourcesFiltering - Copying 0 resource from src/main/resources to target/classes
2025-04-17 00:05:47,248 [Worker-77: Building] INFO  o.a.m.s.f.DefaultMavenResourcesFiltering - Copying 2 resources from src/test/resources to target/test-classes
2025-04-17 18:03:48,184 [Worker-6: Loading available Gradle versions] INFO  o.e.b.c.i.u.g.PublishedGradleVersions - Gradle version information cache is up-to-date. Trying to read.
2025-04-17 18:05:49,850 [Worker-40: Building] INFO  o.e.m.c.i.e.AbstractTransferListenerAdapter - Downloading https://repo.maven.apache.org/maven2/io/cucumber/messages/maven-metadata.xml
2025-04-17 18:05:49,880 [Worker-40: Building] INFO  o.e.m.c.i.e.AbstractTransferListenerAdapter - Downloaded https://repo.maven.apache.org/maven2/io/cucumber/messages/maven-metadata.xml
2025-04-17 18:05:50,499 [Worker-40: Building] INFO  o.a.m.s.f.DefaultMavenResourcesFiltering - Copying 0 resource from src/main/resources to target/classes
2025-04-17 18:05:50,505 [Worker-40: Building] INFO  o.a.m.s.f.DefaultMavenResourcesFiltering - Copying 2 resources from src/test/resources to target/test-classes
2025-04-17 18:06:26,161 [Worker-3: Building] INFO  o.a.m.s.f.DefaultMavenResourcesFiltering - Copying 0 resource from src/main/resources to target/classes
2025-04-17 18:06:26,167 [Worker-3: Building] INFO  o.a.m.s.f.DefaultMavenResourcesFiltering - Copying 0 resource from src/test/resources to target/test-classes
2025-04-17 18:06:28,635 [Worker-30: Building] INFO  o.a.m.s.f.DefaultMavenResourcesFiltering - Copying 0 resource from src/main/resources to target/classes
2025-04-17 18:06:28,639 [Worker-30: Building] INFO  o.a.m.s.f.DefaultMavenResourcesFiltering - Copying 0 resource from src/test/resources to target/test-classes
2025-04-17 18:07:37,549 [Worker-30: Building] INFO  o.a.m.s.f.DefaultMavenResourcesFiltering - Copying 0 resource from src/main/resources to target/classes
2025-04-17 18:07:37,551 [Worker-30: Building] INFO  o.a.m.s.f.DefaultMavenResourcesFiltering - Copying 0 resource from src/test/resources to target/test-classes
2025-04-17 18:08:03,482 [Worker-41: Building] INFO  o.a.m.s.f.DefaultMavenResourcesFiltering - Copying 0 resource from src/main/resources to target/classes
2025-04-17 18:08:03,484 [Worker-41: Building] INFO  o.a.m.s.f.DefaultMavenResourcesFiltering - Copying 0 resource from src/test/resources to target/test-classes
2025-04-17 18:09:08,296 [Worker-51: Building] INFO  o.a.m.s.f.DefaultMavenResourcesFiltering - Copying 0 resource from src/main/resources to target/classes
2025-04-17 18:09:08,304 [Worker-51: Building] INFO  o.a.m.s.f.DefaultMavenResourcesFiltering - Copying 0 resource from src/test/resources to target/test-classes
2025-04-17 18:09:21,171 [Worker-51: Building] INFO  o.a.m.s.f.DefaultMavenResourcesFiltering - Copying 0 resource from src/main/resources to target/classes
2025-04-17 18:09:21,174 [Worker-51: Building] INFO  o.a.m.s.f.DefaultMavenResourcesFiltering - Copying 0 resource from src/test/resources to target/test-classes
2025-04-17 18:09:36,454 [Worker-39: Building] INFO  o.a.m.s.f.DefaultMavenResourcesFiltering - Copying 0 resource from src/main/resources to target/classes
2025-04-17 18:09:36,456 [Worker-39: Building] INFO  o.a.m.s.f.DefaultMavenResourcesFiltering - Copying 0 resource from src/test/resources to target/test-classes
2025-04-17 18:10:00,666 [Worker-3: Building] INFO  o.a.m.s.f.DefaultMavenResourcesFiltering - Copying 0 resource from src/main/resources to target/classes
2025-04-17 18:10:00,675 [Worker-3: Building] INFO  o.a.m.s.f.DefaultMavenResourcesFiltering - Copying 0 resource from src/test/resources to target/test-classes
2025-04-17 18:10:27,908 [Worker-40: Building] INFO  o.a.m.s.f.DefaultMavenResourcesFiltering - Copying 0 resource from src/main/resources to target/classes
2025-04-17 18:10:27,909 [Worker-40: Building] INFO  o.a.m.s.f.DefaultMavenResourcesFiltering - Copying 0 resource from src/test/resources to target/test-classes
2025-04-17 18:10:34,667 [Worker-51: Building] INFO  o.a.m.s.f.DefaultMavenResourcesFiltering - Copying 0 resource from src/main/resources to target/classes
2025-04-17 18:10:34,668 [Worker-51: Building] INFO  o.a.m.s.f.DefaultMavenResourcesFiltering - Copying 0 resource from src/test/resources to target/test-classes
2025-04-17 18:10:38,647 [Worker-3: Building] INFO  o.a.m.s.f.DefaultMavenResourcesFiltering - Copying 0 resource from src/main/resources to target/classes
2025-04-17 18:10:38,650 [Worker-3: Building] INFO  o.a.m.s.f.DefaultMavenResourcesFiltering - Copying 0 resource from src/test/resources to target/test-classes
2025-04-17 18:11:23,029 [Worker-40: Building] INFO  o.a.m.s.f.DefaultMavenResourcesFiltering - Copying 0 resource from src/main/resources to target/classes
2025-04-17 18:11:23,034 [Worker-40: Building] INFO  o.a.m.s.f.DefaultMavenResourcesFiltering - Copying 0 resource from src/test/resources to target/test-classes
2025-04-17 18:12:35,885 [Worker-39: Building] INFO  o.a.m.s.f.DefaultMavenResourcesFiltering - Copying 0 resource from src/main/resources to target/classes
2025-04-17 18:12:35,887 [Worker-39: Building] INFO  o.a.m.s.f.DefaultMavenResourcesFiltering - Copying 0 resource from src/test/resources to target/test-classes
2025-04-17 18:12:47,143 [Worker-56: Building] INFO  o.a.m.s.f.DefaultMavenResourcesFiltering - Copying 0 resource from src/main/resources to target/classes
2025-04-17 18:12:47,145 [Worker-56: Building] INFO  o.a.m.s.f.DefaultMavenResourcesFiltering - Copying 0 resource from src/test/resources to target/test-classes
2025-04-17 18:13:37,426 [Worker-30: Building] INFO  o.a.m.s.f.DefaultMavenResourcesFiltering - Copying 0 resource from src/main/resources to target/classes
2025-04-17 18:13:37,431 [Worker-30: Building] INFO  o.a.m.s.f.DefaultMavenResourcesFiltering - Copying 0 resource from src/test/resources to target/test-classes
2025-04-17 18:16:05,629 [Worker-51: Building] INFO  o.a.m.s.f.DefaultMavenResourcesFiltering - Copying 0 resource from src/main/resources to target/classes
2025-04-17 18:16:05,639 [Worker-51: Building] INFO  o.a.m.s.f.DefaultMavenResourcesFiltering - Copying 2 resources from src/test/resources to target/test-classes
2025-04-17 18:16:19,321 [Worker-59: Building] INFO  o.a.m.s.f.DefaultMavenResourcesFiltering - Copying 0 resource from src/main/resources to target/classes
2025-04-17 18:16:19,325 [Worker-59: Building] INFO  o.a.m.s.f.DefaultMavenResourcesFiltering - Copying 2 resources from src/test/resources to target/test-classes
2025-04-17 18:16:52,448 [Worker-59: Building] INFO  o.a.m.s.f.DefaultMavenResourcesFiltering - Copying 0 resource from src/main/resources to target/classes
2025-04-17 18:16:52,451 [Worker-59: Building] INFO  o.a.m.s.f.DefaultMavenResourcesFiltering - Copying 0 resource from src/test/resources to target/test-classes
2025-04-17 18:17:36,808 [Worker-59: Building] INFO  o.a.m.s.f.DefaultMavenResourcesFiltering - Copying 0 resource from src/main/resources to target/classes
2025-04-17 18:17:36,810 [Worker-59: Building] INFO  o.a.m.s.f.DefaultMavenResourcesFiltering - Copying 0 resource from src/test/resources to target/test-classes
2025-04-17 18:18:16,766 [Worker-56: Building] INFO  o.a.m.s.f.DefaultMavenResourcesFiltering - Copying 0 resource from src/main/resources to target/classes
2025-04-17 18:18:16,769 [Worker-56: Building] INFO  o.a.m.s.f.DefaultMavenResourcesFiltering - Copying 0 resource from src/test/resources to target/test-classes
2025-04-17 18:18:46,745 [Worker-51: Building] INFO  o.a.m.s.f.DefaultMavenResourcesFiltering - Copying 0 resource from src/main/resources to target/classes
2025-04-17 18:18:46,747 [Worker-51: Building] INFO  o.a.m.s.f.DefaultMavenResourcesFiltering - Copying 0 resource from src/test/resources to target/test-classes
2025-04-17 18:22:34,034 [Worker-59: Building] INFO  o.a.m.s.f.DefaultMavenResourcesFiltering - Copying 0 resource from src/main/resources to target/classes
2025-04-17 18:22:34,044 [Worker-59: Building] INFO  o.a.m.s.f.DefaultMavenResourcesFiltering - Copying 0 resource from src/test/resources to target/test-classes
2025-04-17 18:23:12,140 [Worker-59: Building] INFO  o.a.m.s.f.DefaultMavenResourcesFiltering - Copying 0 resource from src/main/resources to target/classes
2025-04-17 18:23:12,141 [Worker-59: Building] INFO  o.a.m.s.f.DefaultMavenResourcesFiltering - Copying 0 resource from src/test/resources to target/test-classes
2025-04-17 18:25:31,988 [Worker-60: Building] INFO  o.a.m.s.f.DefaultMavenResourcesFiltering - Copying 0 resource from src/main/resources to target/classes
2025-04-17 18:25:31,990 [Worker-60: Building] INFO  o.a.m.s.f.DefaultMavenResourcesFiltering - Copying 2 resources from src/test/resources to target/test-classes
2025-04-17 18:25:51,944 [main] INFO  o.e.m.jdt.internal.UnitTestSupport - Updating globalRunner from maven configuration
2025-04-17 18:26:31,477 [Worker-63: Building] INFO  o.a.m.s.f.DefaultMavenResourcesFiltering - Copying 0 resource from src/main/resources to target/classes
2025-04-17 18:26:31,481 [Worker-63: Building] INFO  o.a.m.s.f.DefaultMavenResourcesFiltering - Copying 0 resource from src/test/resources to target/test-classes
2025-04-17 18:32:32,833 [Worker-66: Building] INFO  o.a.m.s.f.DefaultMavenResourcesFiltering - Copying 0 resource from src/main/resources to target/classes
2025-04-17 18:32:32,843 [Worker-66: Building] INFO  o.a.m.s.f.DefaultMavenResourcesFiltering - Copying 0 resource from src/test/resources to target/test-classes
2025-04-17 18:33:02,550 [Worker-68: Building] INFO  o.a.m.s.f.DefaultMavenResourcesFiltering - Copying 0 resource from src/main/resources to target/classes
2025-04-17 18:33:02,552 [Worker-68: Building] INFO  o.a.m.s.f.DefaultMavenResourcesFiltering - Copying 0 resource from src/test/resources to target/test-classes
2025-04-17 18:33:55,240 [Worker-68: Building] INFO  o.a.m.s.f.DefaultMavenResourcesFiltering - Copying 0 resource from src/main/resources to target/classes
2025-04-17 18:33:55,244 [Worker-68: Building] INFO  o.a.m.s.f.DefaultMavenResourcesFiltering - Copying 0 resource from src/test/resources to target/test-classes
2025-04-17 18:37:12,201 [Worker-66: Building] INFO  o.a.m.s.f.DefaultMavenResourcesFiltering - Copying 0 resource from src/main/resources to target/classes
2025-04-17 18:37:12,204 [Worker-66: Building] INFO  o.a.m.s.f.DefaultMavenResourcesFiltering - Copying 0 resource from src/test/resources to target/test-classes
2025-04-17 18:39:01,407 [Worker-69: Building] INFO  o.a.m.s.f.DefaultMavenResourcesFiltering - Copying 0 resource from src/main/resources to target/classes
2025-04-17 18:39:01,410 [Worker-69: Building] INFO  o.a.m.s.f.DefaultMavenResourcesFiltering - Copying 0 resource from src/test/resources to target/test-classes
2025-04-17 18:39:20,526 [Worker-70: Building] INFO  o.a.m.s.f.DefaultMavenResourcesFiltering - Copying 0 resource from src/main/resources to target/classes
2025-04-17 18:39:20,528 [Worker-70: Building] INFO  o.a.m.s.f.DefaultMavenResourcesFiltering - Copying 0 resource from src/test/resources to target/test-classes
2025-04-17 18:40:03,165 [Worker-66: Building] INFO  o.a.m.s.f.DefaultMavenResourcesFiltering - Copying 0 resource from src/main/resources to target/classes
2025-04-17 18:40:03,166 [Worker-66: Building] INFO  o.a.m.s.f.DefaultMavenResourcesFiltering - Copying 0 resource from src/test/resources to target/test-classes
2025-04-17 18:48:57,798 [Worker-66: Building] INFO  o.a.m.s.f.DefaultMavenResourcesFiltering - Copying 0 resource from src/main/resources to target/classes
2025-04-17 18:48:57,809 [Worker-66: Building] INFO  o.a.m.s.f.DefaultMavenResourcesFiltering - Copying 0 resource from src/test/resources to target/test-classes
2025-04-17 18:49:05,233 [Worker-72: Building] INFO  o.a.m.s.f.DefaultMavenResourcesFiltering - Copying 0 resource from src/main/resources to target/classes
2025-04-17 18:49:05,235 [Worker-72: Building] INFO  o.a.m.s.f.DefaultMavenResourcesFiltering - Copying 0 resource from src/test/resources to target/test-classes
2025-04-17 18:49:44,052 [Worker-72: Building] INFO  o.a.m.s.f.DefaultMavenResourcesFiltering - Copying 0 resource from src/main/resources to target/classes
2025-04-17 18:49:44,054 [Worker-72: Building] INFO  o.a.m.s.f.DefaultMavenResourcesFiltering - Copying 2 resources from src/test/resources to target/test-classes
2025-04-17 18:51:00,041 [Worker-70: Building] INFO  o.a.m.s.f.DefaultMavenResourcesFiltering - Copying 0 resource from src/main/resources to target/classes
2025-04-17 18:51:00,043 [Worker-70: Building] INFO  o.a.m.s.f.DefaultMavenResourcesFiltering - Copying 2 resources from src/test/resources to target/test-classes
2025-04-17 18:52:18,851 [Worker-66: Building] INFO  o.a.m.s.f.DefaultMavenResourcesFiltering - Copying 0 resource from src/main/resources to target/classes
2025-04-17 18:52:18,864 [Worker-66: Building] INFO  o.a.m.s.f.DefaultMavenResourcesFiltering - Copying 2 resources from src/test/resources to target/test-classes
2025-04-17 18:52:29,602 [Worker-66: Building] INFO  o.a.m.s.f.DefaultMavenResourcesFiltering - Copying 0 resource from src/main/resources to target/classes
2025-04-17 18:52:29,606 [Worker-66: Building] INFO  o.a.m.s.f.DefaultMavenResourcesFiltering - Copying 0 resource from src/test/resources to target/test-classes
2025-04-17 18:52:34,008 [Worker-80: Building] INFO  o.a.m.s.f.DefaultMavenResourcesFiltering - Copying 0 resource from src/main/resources to target/classes
2025-04-17 18:52:34,010 [Worker-80: Building] INFO  o.a.m.s.f.DefaultMavenResourcesFiltering - Copying 2 resources from src/test/resources to target/test-classes
2025-04-17 18:52:45,181 [Worker-75: Building] INFO  o.a.m.s.f.DefaultMavenResourcesFiltering - Copying 0 resource from src/main/resources to target/classes
2025-04-17 18:52:45,183 [Worker-75: Building] INFO  o.a.m.s.f.DefaultMavenResourcesFiltering - Copying 2 resources from src/test/resources to target/test-classes
2025-04-17 18:52:58,759 [Worker-74: Building] INFO  o.a.m.s.f.DefaultMavenResourcesFiltering - Copying 0 resource from src/main/resources to target/classes
2025-04-17 18:52:58,760 [Worker-74: Building] INFO  o.a.m.s.f.DefaultMavenResourcesFiltering - Copying 0 resource from src/test/resources to target/test-classes
2025-04-17 18:53:34,707 [Worker-75: Building] INFO  o.a.m.s.f.DefaultMavenResourcesFiltering - Copying 0 resource from src/main/resources to target/classes
2025-04-17 18:53:34,719 [Worker-75: Building] INFO  o.a.m.s.f.DefaultMavenResourcesFiltering - Copying 0 resource from src/test/resources to target/test-classes
2025-04-17 18:55:02,343 [Worker-87: Building] INFO  o.a.m.s.f.DefaultMavenResourcesFiltering - Copying 0 resource from src/main/resources to target/classes
2025-04-17 18:55:02,346 [Worker-87: Building] INFO  o.a.m.s.f.DefaultMavenResourcesFiltering - Copying 2 resources from src/test/resources to target/test-classes
2025-04-17 18:55:17,367 [Worker-78: Building] INFO  o.a.m.s.f.DefaultMavenResourcesFiltering - Copying 0 resource from src/main/resources to target/classes
2025-04-17 18:55:17,370 [Worker-78: Building] INFO  o.a.m.s.f.DefaultMavenResourcesFiltering - Copying 2 resources from src/test/resources to target/test-classes
2025-04-17 18:55:55,357 [Worker-85: Building] INFO  o.a.m.s.f.DefaultMavenResourcesFiltering - Copying 0 resource from src/main/resources to target/classes
2025-04-17 18:55:55,368 [Worker-85: Building] INFO  o.a.m.s.f.DefaultMavenResourcesFiltering - Copying 2 resources from src/test/resources to target/test-classes
2025-04-17 18:56:10,559 [Worker-81: Building] INFO  o.a.m.s.f.DefaultMavenResourcesFiltering - Copying 0 resource from src/main/resources to target/classes
2025-04-17 18:56:10,562 [Worker-81: Building] INFO  o.a.m.s.f.DefaultMavenResourcesFiltering - Copying 2 resources from src/test/resources to target/test-classes
2025-04-17 18:56:25,794 [Worker-85: Building] INFO  o.a.m.s.f.DefaultMavenResourcesFiltering - Copying 0 resource from src/main/resources to target/classes
2025-04-17 18:56:25,796 [Worker-85: Building] INFO  o.a.m.s.f.DefaultMavenResourcesFiltering - Copying 2 resources from src/test/resources to target/test-classes
2025-04-17 18:56:32,014 [Worker-89: Building] INFO  o.a.m.s.f.DefaultMavenResourcesFiltering - Copying 0 resource from src/main/resources to target/classes
2025-04-17 18:56:32,018 [Worker-89: Building] INFO  o.a.m.s.f.DefaultMavenResourcesFiltering - Copying 2 resources from src/test/resources to target/test-classes
2025-04-17 18:57:06,935 [Worker-71: Building] INFO  o.a.m.s.f.DefaultMavenResourcesFiltering - Copying 0 resource from src/main/resources to target/classes
2025-04-17 18:57:06,936 [Worker-71: Building] INFO  o.a.m.s.f.DefaultMavenResourcesFiltering - Copying 2 resources from src/test/resources to target/test-classes
2025-04-17 18:57:58,867 [Worker-66: Building] INFO  o.a.m.s.f.DefaultMavenResourcesFiltering - Copying 0 resource from src/main/resources to target/classes
2025-04-17 18:57:58,868 [Worker-66: Building] INFO  o.a.m.s.f.DefaultMavenResourcesFiltering - Copying 0 resource from src/test/resources to target/test-classes
2025-04-17 18:58:17,620 [Worker-70: Building] INFO  o.a.m.s.f.DefaultMavenResourcesFiltering - Copying 0 resource from src/main/resources to target/classes
2025-04-17 18:58:17,632 [Worker-70: Building] INFO  o.a.m.s.f.DefaultMavenResourcesFiltering - Copying 2 resources from src/test/resources to target/test-classes
2025-04-17 18:59:06,929 [Worker-79: Building] INFO  o.a.m.s.f.DefaultMavenResourcesFiltering - Copying 0 resource from src/main/resources to target/classes
2025-04-17 18:59:06,931 [Worker-79: Building] INFO  o.a.m.s.f.DefaultMavenResourcesFiltering - Copying 0 resource from src/test/resources to target/test-classes
2025-04-17 18:59:53,662 [Worker-74: Building] INFO  o.a.m.s.f.DefaultMavenResourcesFiltering - Copying 0 resource from src/main/resources to target/classes
2025-04-17 18:59:53,664 [Worker-74: Building] INFO  o.a.m.s.f.DefaultMavenResourcesFiltering - Copying 2 resources from src/test/resources to target/test-classes
2025-04-17 19:01:45,985 [Worker-79: Building] INFO  o.a.m.s.f.DefaultMavenResourcesFiltering - Copying 0 resource from src/main/resources to target/classes
2025-04-17 19:01:45,987 [Worker-79: Building] INFO  o.a.m.s.f.DefaultMavenResourcesFiltering - Copying 2 resources from src/test/resources to target/test-classes
2025-04-17 19:02:14,664 [Worker-87: Building] INFO  o.a.m.s.f.DefaultMavenResourcesFiltering - Copying 0 resource from src/main/resources to target/classes
2025-04-17 19:02:14,677 [Worker-87: Building] INFO  o.a.m.s.f.DefaultMavenResourcesFiltering - Copying 2 resources from src/test/resources to target/test-classes
2025-04-17 19:02:46,118 [Worker-82: Building] INFO  o.a.m.s.f.DefaultMavenResourcesFiltering - Copying 0 resource from src/main/resources to target/classes
2025-04-17 19:02:46,119 [Worker-82: Building] INFO  o.a.m.s.f.DefaultMavenResourcesFiltering - Copying 2 resources from src/test/resources to target/test-classes
2025-04-17 19:04:01,279 [Worker-74: Building] INFO  o.a.m.s.f.DefaultMavenResourcesFiltering - Copying 0 resource from src/main/resources to target/classes
2025-04-17 19:04:01,280 [Worker-74: Building] INFO  o.a.m.s.f.DefaultMavenResourcesFiltering - Copying 2 resources from src/test/resources to target/test-classes
2025-04-17 19:05:26,658 [Worker-83: Building] INFO  o.a.m.s.f.DefaultMavenResourcesFiltering - Copying 0 resource from src/main/resources to target/classes
2025-04-17 19:05:26,660 [Worker-83: Building] INFO  o.a.m.s.f.DefaultMavenResourcesFiltering - Copying 2 resources from src/test/resources to target/test-classes
2025-04-17 19:05:31,860 [Worker-85: Building] INFO  o.a.m.s.f.DefaultMavenResourcesFiltering - Copying 0 resource from src/main/resources to target/classes
2025-04-17 19:05:31,862 [Worker-85: Building] INFO  o.a.m.s.f.DefaultMavenResourcesFiltering - Copying 2 resources from src/test/resources to target/test-classes
2025-04-17 19:08:10,056 [Worker-75: Building] INFO  o.a.m.s.f.DefaultMavenResourcesFiltering - Copying 0 resource from src/main/resources to target/classes
2025-04-17 19:08:10,067 [Worker-75: Building] INFO  o.a.m.s.f.DefaultMavenResourcesFiltering - Copying 2 resources from src/test/resources to target/test-classes
2025-04-17 19:08:21,380 [Worker-85: Building] INFO  o.a.m.s.f.DefaultMavenResourcesFiltering - Copying 0 resource from src/main/resources to target/classes
2025-04-17 19:08:21,382 [Worker-85: Building] INFO  o.a.m.s.f.DefaultMavenResourcesFiltering - Copying 2 resources from src/test/resources to target/test-classes
2025-04-17 19:08:33,280 [Worker-78: Launching login.feature] INFO  o.a.m.s.f.DefaultMavenResourcesFiltering - Copying 0 resource from src/main/resources to target/classes
2025-04-17 19:08:33,285 [Worker-78: Launching login.feature] INFO  o.a.m.s.f.DefaultMavenResourcesFiltering - Copying 2 resources from src/test/resources to target/test-classes
2025-04-17 19:09:25,617 [Worker-87: Building] INFO  o.a.m.s.f.DefaultMavenResourcesFiltering - Copying 0 resource from src/main/resources to target/classes
2025-04-17 19:09:25,636 [Worker-87: Building] INFO  o.a.m.s.f.DefaultMavenResourcesFiltering - Copying 2 resources from src/test/resources to target/test-classes
2025-04-17 19:09:41,258 [Worker-85: Building] INFO  o.a.m.s.f.DefaultMavenResourcesFiltering - Copying 0 resource from src/main/resources to target/classes
2025-04-17 19:09:41,261 [Worker-85: Building] INFO  o.a.m.s.f.DefaultMavenResourcesFiltering - Copying 2 resources from src/test/resources to target/test-classes
2025-04-17 19:10:51,326 [Worker-77: Building] INFO  o.a.m.s.f.DefaultMavenResourcesFiltering - Copying 0 resource from src/main/resources to target/classes
2025-04-17 19:10:51,339 [Worker-77: Building] INFO  o.a.m.s.f.DefaultMavenResourcesFiltering - Copying 2 resources from src/test/resources to target/test-classes
2025-04-17 19:11:01,517 [Worker-84: Building] INFO  o.a.m.s.f.DefaultMavenResourcesFiltering - Copying 0 resource from src/main/resources to target/classes
2025-04-17 19:11:01,518 [Worker-84: Building] INFO  o.a.m.s.f.DefaultMavenResourcesFiltering - Copying 2 resources from src/test/resources to target/test-classes
2025-04-17 19:11:34,715 [Worker-87: Building] INFO  o.a.m.s.f.DefaultMavenResourcesFiltering - Copying 0 resource from src/main/resources to target/classes
2025-04-17 19:11:34,716 [Worker-87: Building] INFO  o.a.m.s.f.DefaultMavenResourcesFiltering - Copying 2 resources from src/test/resources to target/test-classes
2025-04-17 19:11:43,324 [Worker-87: Building] INFO  o.a.m.s.f.DefaultMavenResourcesFiltering - Copying 0 resource from src/main/resources to target/classes
2025-04-17 19:11:43,325 [Worker-87: Building] INFO  o.a.m.s.f.DefaultMavenResourcesFiltering - Copying 2 resources from src/test/resources to target/test-classes
2025-04-17 19:11:56,644 [Worker-83: Building] INFO  o.a.m.s.f.DefaultMavenResourcesFiltering - Copying 0 resource from src/main/resources to target/classes
2025-04-17 19:11:56,646 [Worker-83: Building] INFO  o.a.m.s.f.DefaultMavenResourcesFiltering - Copying 0 resource from src/test/resources to target/test-classes
2025-04-17 19:12:03,752 [Worker-75: Building] INFO  o.a.m.s.f.DefaultMavenResourcesFiltering - Copying 0 resource from src/main/resources to target/classes
2025-04-17 19:12:03,753 [Worker-75: Building] INFO  o.a.m.s.f.DefaultMavenResourcesFiltering - Copying 0 resource from src/test/resources to target/test-classes
2025-04-17 19:12:16,540 [Worker-78: Building] INFO  o.a.m.s.f.DefaultMavenResourcesFiltering - Copying 0 resource from src/main/resources to target/classes
2025-04-17 19:12:16,555 [Worker-78: Building] INFO  o.a.m.s.f.DefaultMavenResourcesFiltering - Copying 0 resource from src/test/resources to target/test-classes
2025-04-17 19:12:24,900 [Worker-84: Building] INFO  o.a.m.s.f.DefaultMavenResourcesFiltering - Copying 0 resource from src/main/resources to target/classes
2025-04-17 19:12:24,902 [Worker-84: Building] INFO  o.a.m.s.f.DefaultMavenResourcesFiltering - Copying 2 resources from src/test/resources to target/test-classes
2025-04-17 19:12:37,053 [Worker-87: Building] INFO  o.a.m.s.f.DefaultMavenResourcesFiltering - Copying 0 resource from src/main/resources to target/classes
2025-04-17 19:12:37,054 [Worker-87: Building] INFO  o.a.m.s.f.DefaultMavenResourcesFiltering - Copying 2 resources from src/test/resources to target/test-classes
2025-04-17 19:12:43,340 [Worker-66: Building] INFO  o.a.m.s.f.DefaultMavenResourcesFiltering - Copying 0 resource from src/main/resources to target/classes
2025-04-17 19:12:43,342 [Worker-66: Building] INFO  o.a.m.s.f.DefaultMavenResourcesFiltering - Copying 0 resource from src/test/resources to target/test-classes
2025-04-17 19:12:48,369 [Worker-74: Building] INFO  o.a.m.s.f.DefaultMavenResourcesFiltering - Copying 0 resource from src/main/resources to target/classes
2025-04-17 19:12:48,371 [Worker-74: Building] INFO  o.a.m.s.f.DefaultMavenResourcesFiltering - Copying 0 resource from src/test/resources to target/test-classes
2025-04-17 19:13:02,883 [Worker-74: Building] INFO  o.a.m.s.f.DefaultMavenResourcesFiltering - Copying 0 resource from src/main/resources to target/classes
2025-04-17 19:13:02,885 [Worker-74: Building] INFO  o.a.m.s.f.DefaultMavenResourcesFiltering - Copying 0 resource from src/test/resources to target/test-classes
2025-04-17 19:13:07,410 [Worker-79: Building] INFO  o.a.m.s.f.DefaultMavenResourcesFiltering - Copying 0 resource from src/main/resources to target/classes
2025-04-17 19:13:07,411 [Worker-79: Building] INFO  o.a.m.s.f.DefaultMavenResourcesFiltering - Copying 0 resource from src/test/resources to target/test-classes
2025-04-17 19:13:15,314 [Worker-87: Building] INFO  o.a.m.s.f.DefaultMavenResourcesFiltering - Copying 0 resource from src/main/resources to target/classes
2025-04-17 19:13:15,316 [Worker-87: Building] INFO  o.a.m.s.f.DefaultMavenResourcesFiltering - Copying 0 resource from src/test/resources to target/test-classes
2025-04-17 19:13:21,649 [Worker-70: Building] INFO  o.a.m.s.f.DefaultMavenResourcesFiltering - Copying 0 resource from src/main/resources to target/classes
2025-04-17 19:13:21,650 [Worker-70: Building] INFO  o.a.m.s.f.DefaultMavenResourcesFiltering - Copying 0 resource from src/test/resources to target/test-classes
2025-04-17 19:13:39,821 [Worker-77: Building] INFO  o.a.m.s.f.DefaultMavenResourcesFiltering - Copying 0 resource from src/main/resources to target/classes
2025-04-17 19:13:39,838 [Worker-77: Building] INFO  o.a.m.s.f.DefaultMavenResourcesFiltering - Copying 0 resource from src/test/resources to target/test-classes
2025-04-17 19:13:42,276 [Worker-87: Building] INFO  o.a.m.s.f.DefaultMavenResourcesFiltering - Copying 0 resource from src/main/resources to target/classes
2025-04-17 19:13:42,277 [Worker-87: Building] INFO  o.a.m.s.f.DefaultMavenResourcesFiltering - Copying 0 resource from src/test/resources to target/test-classes
2025-04-17 19:14:01,722 [Worker-90: Building] INFO  o.a.m.s.f.DefaultMavenResourcesFiltering - Copying 0 resource from src/main/resources to target/classes
2025-04-17 19:14:01,723 [Worker-90: Building] INFO  o.a.m.s.f.DefaultMavenResourcesFiltering - Copying 2 resources from src/test/resources to target/test-classes
2025-04-17 20:10:45,610 [Worker-6: Loading available Gradle versions] INFO  o.e.b.c.i.u.g.PublishedGradleVersions - Gradle version information cache is out-of-date. Trying to update.
2025-04-17 20:20:07,914 [Worker-45: Building] INFO  o.a.m.s.f.DefaultMavenResourcesFiltering - Copying 0 resource from src/main/resources to target/classes
2025-04-17 20:20:07,945 [Worker-45: Building] INFO  o.a.m.s.f.DefaultMavenResourcesFiltering - Copying 2 resources from src/test/resources to target/test-classes
2025-04-17 20:20:48,623 [Worker-46: Building] INFO  o.a.m.s.f.DefaultMavenResourcesFiltering - Copying 0 resource from src/main/resources to target/classes
2025-04-17 20:20:48,631 [Worker-46: Building] INFO  o.a.m.s.f.DefaultMavenResourcesFiltering - Copying 0 resource from src/test/resources to target/test-classes
2025-04-17 20:23:34,496 [Worker-26: Building] INFO  o.a.m.s.f.DefaultMavenResourcesFiltering - Copying 0 resource from src/main/resources to target/classes
2025-04-17 20:23:34,504 [Worker-26: Building] INFO  o.a.m.s.f.DefaultMavenResourcesFiltering - Copying 0 resource from src/test/resources to target/test-classes
2025-04-17 20:24:23,544 [Worker-45: Building] INFO  o.a.m.s.f.DefaultMavenResourcesFiltering - Copying 0 resource from src/main/resources to target/classes
2025-04-17 20:24:23,553 [Worker-45: Building] INFO  o.a.m.s.f.DefaultMavenResourcesFiltering - Copying 2 resources from src/test/resources to target/test-classes
2025-04-17 20:24:54,200 [Worker-46: Building] INFO  o.a.m.s.f.DefaultMavenResourcesFiltering - Copying 0 resource from src/main/resources to target/classes
2025-04-17 20:24:54,203 [Worker-46: Building] INFO  o.a.m.s.f.DefaultMavenResourcesFiltering - Copying 0 resource from src/test/resources to target/test-classes
2025-04-17 20:25:11,697 [Worker-45: Building] INFO  o.a.m.s.f.DefaultMavenResourcesFiltering - Copying 0 resource from src/main/resources to target/classes
2025-04-17 20:25:11,707 [Worker-45: Building] INFO  o.a.m.s.f.DefaultMavenResourcesFiltering - Copying 0 resource from src/test/resources to target/test-classes
2025-04-17 20:26:00,204 [Worker-46: Building] INFO  o.a.m.s.f.DefaultMavenResourcesFiltering - Copying 0 resource from src/main/resources to target/classes
2025-04-17 20:26:00,207 [Worker-46: Building] INFO  o.a.m.s.f.DefaultMavenResourcesFiltering - Copying 2 resources from src/test/resources to target/test-classes
2025-04-17 20:26:26,356 [Worker-46: Building] INFO  o.a.m.s.f.DefaultMavenResourcesFiltering - Copying 0 resource from src/main/resources to target/classes
2025-04-17 20:26:26,373 [Worker-46: Building] INFO  o.a.m.s.f.DefaultMavenResourcesFiltering - Copying 1 resource from src/test/resources to target/test-classes
2025-04-17 20:27:16,029 [Worker-38: Building] INFO  o.a.m.s.f.DefaultMavenResourcesFiltering - Copying 0 resource from src/main/resources to target/classes
2025-04-17 20:27:16,041 [Worker-38: Building] INFO  o.a.m.s.f.DefaultMavenResourcesFiltering - Copying 0 resource from src/test/resources to target/test-classes
2025-04-17 20:27:21,106 [Worker-45: Building] INFO  o.a.m.s.f.DefaultMavenResourcesFiltering - Copying 0 resource from src/main/resources to target/classes
2025-04-17 20:27:21,114 [Worker-45: Building] INFO  o.a.m.s.f.DefaultMavenResourcesFiltering - Copying 2 resources from src/test/resources to target/test-classes
2025-04-17 20:27:28,710 [Worker-26: Building] INFO  o.a.m.s.f.DefaultMavenResourcesFiltering - Copying 0 resource from src/main/resources to target/classes
2025-04-17 20:27:28,714 [Worker-26: Building] INFO  o.a.m.s.f.DefaultMavenResourcesFiltering - Copying 2 resources from src/test/resources to target/test-classes
2025-04-17 20:27:38,615 [Worker-26: Building] INFO  o.a.m.s.f.DefaultMavenResourcesFiltering - Copying 0 resource from src/main/resources to target/classes
2025-04-17 20:27:38,624 [Worker-26: Building] INFO  o.a.m.s.f.DefaultMavenResourcesFiltering - Copying 0 resource from src/test/resources to target/test-classes
2025-04-17 20:28:22,900 [Worker-45: Building] INFO  o.a.m.s.f.DefaultMavenResourcesFiltering - Copying 0 resource from src/main/resources to target/classes
2025-04-17 20:28:22,905 [Worker-45: Building] INFO  o.a.m.s.f.DefaultMavenResourcesFiltering - Copying 0 resource from src/test/resources to target/test-classes
2025-04-17 20:28:29,564 [Worker-47: Building] INFO  o.a.m.s.f.DefaultMavenResourcesFiltering - Copying 0 resource from src/main/resources to target/classes
2025-04-17 20:28:29,568 [Worker-47: Building] INFO  o.a.m.s.f.DefaultMavenResourcesFiltering - Copying 0 resource from src/test/resources to target/test-classes
2025-04-17 20:30:51,947 [Worker-49: Building] INFO  o.a.m.s.f.DefaultMavenResourcesFiltering - Copying 0 resource from src/main/resources to target/classes
2025-04-17 20:30:51,954 [Worker-49: Building] INFO  o.a.m.s.f.DefaultMavenResourcesFiltering - Copying 0 resource from src/test/resources to target/test-classes
2025-04-17 20:31:33,091 [Worker-45: Building] INFO  o.a.m.s.f.DefaultMavenResourcesFiltering - Copying 0 resource from src/main/resources to target/classes
2025-04-17 20:31:33,096 [Worker-45: Building] INFO  o.a.m.s.f.DefaultMavenResourcesFiltering - Copying 2 resources from src/test/resources to target/test-classes
2025-04-17 20:33:19,548 [Worker-45: Building] INFO  o.a.m.s.f.DefaultMavenResourcesFiltering - Copying 0 resource from src/main/resources to target/classes
2025-04-17 20:33:19,559 [Worker-45: Building] INFO  o.a.m.s.f.DefaultMavenResourcesFiltering - Copying 0 resource from src/test/resources to target/test-classes
2025-04-17 20:33:49,478 [Worker-49: Building] INFO  o.a.m.s.f.DefaultMavenResourcesFiltering - Copying 0 resource from src/main/resources to target/classes
2025-04-17 20:33:49,490 [Worker-49: Building] INFO  o.a.m.s.f.DefaultMavenResourcesFiltering - Copying 0 resource from src/test/resources to target/test-classes
2025-04-17 20:34:57,196 [Worker-46: Building] INFO  o.a.m.s.f.DefaultMavenResourcesFiltering - Copying 0 resource from src/main/resources to target/classes
2025-04-17 20:34:57,204 [Worker-46: Building] INFO  o.a.m.s.f.DefaultMavenResourcesFiltering - Copying 0 resource from src/test/resources to target/test-classes
2025-04-17 20:36:53,338 [Worker-50: Building] INFO  o.a.m.s.f.DefaultMavenResourcesFiltering - Copying 0 resource from src/main/resources to target/classes
2025-04-17 20:36:53,361 [Worker-50: Building] INFO  o.a.m.s.f.DefaultMavenResourcesFiltering - Copying 0 resource from src/test/resources to target/test-classes
2025-04-17 20:41:55,039 [Worker-55: Building] INFO  o.a.m.s.f.DefaultMavenResourcesFiltering - Copying 0 resource from src/main/resources to target/classes
2025-04-17 20:41:55,048 [Worker-55: Building] INFO  o.a.m.s.f.DefaultMavenResourcesFiltering - Copying 0 resource from src/test/resources to target/test-classes
2025-04-17 20:43:09,178 [Worker-46: Building] INFO  o.a.m.s.f.DefaultMavenResourcesFiltering - Copying 0 resource from src/main/resources to target/classes
2025-04-17 20:43:09,186 [Worker-46: Building] INFO  o.a.m.s.f.DefaultMavenResourcesFiltering - Copying 0 resource from src/test/resources to target/test-classes
2025-04-17 20:45:20,004 [Worker-46: Building] INFO  o.a.m.s.f.DefaultMavenResourcesFiltering - Copying 0 resource from src/main/resources to target/classes
2025-04-17 20:45:20,012 [Worker-46: Building] INFO  o.a.m.s.f.DefaultMavenResourcesFiltering - Copying 0 resource from src/test/resources to target/test-classes
2025-04-17 20:45:37,060 [Worker-55: Building] INFO  o.a.m.s.f.DefaultMavenResourcesFiltering - Copying 0 resource from src/main/resources to target/classes
2025-04-17 20:45:37,062 [Worker-55: Building] INFO  o.a.m.s.f.DefaultMavenResourcesFiltering - Copying 0 resource from src/test/resources to target/test-classes
2025-04-17 20:46:34,813 [Worker-46: Building] INFO  o.a.m.s.f.DefaultMavenResourcesFiltering - Copying 0 resource from src/main/resources to target/classes
2025-04-17 20:46:34,817 [Worker-46: Building] INFO  o.a.m.s.f.DefaultMavenResourcesFiltering - Copying 0 resource from src/test/resources to target/test-classes
2025-04-17 20:46:47,786 [Worker-55: Building] INFO  o.a.m.s.f.DefaultMavenResourcesFiltering - Copying 0 resource from src/main/resources to target/classes
2025-04-17 20:46:47,795 [Worker-55: Building] INFO  o.a.m.s.f.DefaultMavenResourcesFiltering - Copying 0 resource from src/test/resources to target/test-classes
2025-04-17 20:47:40,788 [Worker-55: Building] INFO  o.a.m.s.f.DefaultMavenResourcesFiltering - Copying 0 resource from src/main/resources to target/classes
2025-04-17 20:47:40,798 [Worker-55: Building] INFO  o.a.m.s.f.DefaultMavenResourcesFiltering - Copying 0 resource from src/test/resources to target/test-classes
2025-04-17 20:48:15,235 [Worker-56: Building] INFO  o.a.m.s.f.DefaultMavenResourcesFiltering - Copying 0 resource from src/main/resources to target/classes
2025-04-17 20:48:15,237 [Worker-56: Building] INFO  o.a.m.s.f.DefaultMavenResourcesFiltering - Copying 0 resource from src/test/resources to target/test-classes
2025-04-17 20:49:32,792 [Worker-46: Building] INFO  o.a.m.s.f.DefaultMavenResourcesFiltering - Copying 0 resource from src/main/resources to target/classes
2025-04-17 20:49:32,801 [Worker-46: Building] INFO  o.a.m.s.f.DefaultMavenResourcesFiltering - Copying 0 resource from src/test/resources to target/test-classes
2025-04-17 20:49:42,602 [Worker-54: Building] INFO  o.a.m.s.f.DefaultMavenResourcesFiltering - Copying 0 resource from src/main/resources to target/classes
2025-04-17 20:49:42,604 [Worker-54: Building] INFO  o.a.m.s.f.DefaultMavenResourcesFiltering - Copying 0 resource from src/test/resources to target/test-classes
2025-04-17 20:50:06,377 [Worker-54: Building] INFO  o.a.m.s.f.DefaultMavenResourcesFiltering - Copying 0 resource from src/main/resources to target/classes
2025-04-17 20:50:06,385 [Worker-54: Building] INFO  o.a.m.s.f.DefaultMavenResourcesFiltering - Copying 0 resource from src/test/resources to target/test-classes
2025-04-17 20:51:17,338 [Worker-54: Building] INFO  o.a.m.s.f.DefaultMavenResourcesFiltering - Copying 0 resource from src/main/resources to target/classes
2025-04-17 20:51:17,362 [Worker-54: Building] INFO  o.a.m.s.f.DefaultMavenResourcesFiltering - Copying 2 resources from src/test/resources to target/test-classes
2025-04-17 20:52:23,381 [Worker-56: Building] INFO  o.a.m.s.f.DefaultMavenResourcesFiltering - Copying 0 resource from src/main/resources to target/classes
2025-04-17 20:52:23,386 [Worker-56: Building] INFO  o.a.m.s.f.DefaultMavenResourcesFiltering - Copying 0 resource from src/test/resources to target/test-classes
2025-04-17 20:53:06,224 [Worker-54: Building] INFO  o.a.m.s.f.DefaultMavenResourcesFiltering - Copying 0 resource from src/main/resources to target/classes
2025-04-17 20:53:06,234 [Worker-54: Building] INFO  o.a.m.s.f.DefaultMavenResourcesFiltering - Copying 2 resources from src/test/resources to target/test-classes
2025-04-17 20:53:20,716 [Worker-56: Building] INFO  o.a.m.s.f.DefaultMavenResourcesFiltering - Copying 0 resource from src/main/resources to target/classes
2025-04-17 20:53:20,718 [Worker-56: Building] INFO  o.a.m.s.f.DefaultMavenResourcesFiltering - Copying 2 resources from src/test/resources to target/test-classes
2025-04-17 20:53:24,968 [Worker-56: Building] INFO  o.a.m.s.f.DefaultMavenResourcesFiltering - Copying 0 resource from src/main/resources to target/classes
2025-04-17 20:53:24,971 [Worker-56: Building] INFO  o.a.m.s.f.DefaultMavenResourcesFiltering - Copying 2 resources from src/test/resources to target/test-classes
2025-04-17 20:54:22,821 [Worker-45: Building] INFO  o.a.m.s.f.DefaultMavenResourcesFiltering - Copying 0 resource from src/main/resources to target/classes
2025-04-17 20:54:22,830 [Worker-45: Building] INFO  o.a.m.s.f.DefaultMavenResourcesFiltering - Copying 0 resource from src/test/resources to target/test-classes
2025-04-17 20:57:00,357 [Worker-46: Building] INFO  o.a.m.s.f.DefaultMavenResourcesFiltering - Copying 0 resource from src/main/resources to target/classes
2025-04-17 20:57:00,361 [Worker-46: Building] INFO  o.a.m.s.f.DefaultMavenResourcesFiltering - Copying 0 resource from src/test/resources to target/test-classes
2025-04-17 20:58:08,568 [Worker-45: Building] INFO  o.a.m.s.f.DefaultMavenResourcesFiltering - Copying 0 resource from src/main/resources to target/classes
2025-04-17 20:58:08,580 [Worker-45: Building] INFO  o.a.m.s.f.DefaultMavenResourcesFiltering - Copying 0 resource from src/test/resources to target/test-classes
2025-04-17 20:59:08,897 [Worker-45: Updating Maven Dependencies] ERROR o.e.m.j.i.l.MavenLaunchConfigurationListener - Launch configuration globalRunner references closed project capston
org.eclipse.core.runtime.CoreException: Launch configuration globalRunner references closed project capston
	at org.eclipse.jdt.launching.JavaRuntime.abort(JavaRuntime.java:1870)
	at org.eclipse.jdt.launching.JavaRuntime.getJavaProject(JavaRuntime.java:1744)
	at org.eclipse.m2e.jdt.internal.launch.MavenLaunchConfigurationListener.updateLaunchConfiguration(MavenLaunchConfigurationListener.java:66)
	at org.eclipse.m2e.jdt.internal.launch.MavenLaunchConfigurationListener.launchConfigurationChanged(MavenLaunchConfigurationListener.java:52)
	at org.eclipse.debug.internal.core.LaunchManager$ConfigurationNotifier.run(LaunchManager.java:219)
	at org.eclipse.core.runtime.SafeRunner.run(SafeRunner.java:47)
	at org.eclipse.debug.internal.core.LaunchManager$ConfigurationNotifier.notify(LaunchManager.java:203)
	at org.eclipse.debug.internal.core.LaunchConfigurationWorkingCopy.setDirty(LaunchConfigurationWorkingCopy.java:527)
	at org.eclipse.debug.internal.core.LaunchConfigurationWorkingCopy.setAttribute(LaunchConfigurationWorkingCopy.java:415)
	at org.eclipse.m2e.jdt.internal.launch.MavenRuntimeClasspathProvider.disable(MavenRuntimeClasspathProvider.java:409)
	at org.eclipse.m2e.jdt.internal.launch.MavenRuntimeClasspathProvider.disable(MavenRuntimeClasspathProvider.java:435)
	at org.eclipse.m2e.jdt.internal.launch.MavenLaunchConfigurationListener.mavenProjectChanged(MavenLaunchConfigurationListener.java:137)
	at org.eclipse.m2e.core.internal.project.registry.ProjectRegistryManager.notifyProjectChangeListeners(ProjectRegistryManager.java:892)
	at org.eclipse.m2e.core.internal.project.registry.ProjectRegistryManager.applyMutableProjectRegistry(ProjectRegistryManager.java:1042)
	at org.eclipse.m2e.core.internal.project.registry.ProjectRegistryRefreshJob.lambda$0(ProjectRegistryRefreshJob.java:162)
	at org.eclipse.m2e.core.internal.embedder.MavenExecutionContext.executeBare(MavenExecutionContext.java:458)
	at org.eclipse.m2e.core.internal.embedder.MavenExecutionContext.execute(MavenExecutionContext.java:339)
	at org.eclipse.m2e.core.internal.embedder.MavenExecutionContext.execute(MavenExecutionContext.java:278)
	at org.eclipse.m2e.core.internal.project.registry.ProjectRegistryRefreshJob.run(ProjectRegistryRefreshJob.java:106)
	at org.eclipse.core.internal.jobs.Worker.run(Worker.java:63)
2025-04-17 20:59:08,957 [Worker-45: Updating Maven Dependencies] ERROR o.e.m.j.i.l.MavenLaunchConfigurationListener - Launch configuration globalRunner references closed project capston
org.eclipse.core.runtime.CoreException: Launch configuration globalRunner references closed project capston
	at org.eclipse.jdt.launching.JavaRuntime.abort(JavaRuntime.java:1870)
	at org.eclipse.jdt.launching.JavaRuntime.getJavaProject(JavaRuntime.java:1744)
	at org.eclipse.m2e.jdt.internal.launch.MavenLaunchConfigurationListener.updateLaunchConfiguration(MavenLaunchConfigurationListener.java:66)
	at org.eclipse.m2e.jdt.internal.launch.MavenLaunchConfigurationListener.launchConfigurationChanged(MavenLaunchConfigurationListener.java:52)
	at org.eclipse.debug.internal.core.LaunchManager$ConfigurationNotifier.run(LaunchManager.java:219)
	at org.eclipse.core.runtime.SafeRunner.run(SafeRunner.java:47)
	at org.eclipse.debug.internal.core.LaunchManager$ConfigurationNotifier.notify(LaunchManager.java:203)
	at org.eclipse.debug.internal.core.LaunchConfigurationWorkingCopy.setDirty(LaunchConfigurationWorkingCopy.java:527)
	at org.eclipse.debug.internal.core.LaunchConfigurationWorkingCopy.setAttribute(LaunchConfigurationWorkingCopy.java:415)
	at org.eclipse.m2e.jdt.internal.launch.MavenRuntimeClasspathProvider.disable(MavenRuntimeClasspathProvider.java:410)
	at org.eclipse.m2e.jdt.internal.launch.MavenRuntimeClasspathProvider.disable(MavenRuntimeClasspathProvider.java:435)
	at org.eclipse.m2e.jdt.internal.launch.MavenLaunchConfigurationListener.mavenProjectChanged(MavenLaunchConfigurationListener.java:137)
	at org.eclipse.m2e.core.internal.project.registry.ProjectRegistryManager.notifyProjectChangeListeners(ProjectRegistryManager.java:892)
	at org.eclipse.m2e.core.internal.project.registry.ProjectRegistryManager.applyMutableProjectRegistry(ProjectRegistryManager.java:1042)
	at org.eclipse.m2e.core.internal.project.registry.ProjectRegistryRefreshJob.lambda$0(ProjectRegistryRefreshJob.java:162)
	at org.eclipse.m2e.core.internal.embedder.MavenExecutionContext.executeBare(MavenExecutionContext.java:458)
	at org.eclipse.m2e.core.internal.embedder.MavenExecutionContext.execute(MavenExecutionContext.java:339)
	at org.eclipse.m2e.core.internal.embedder.MavenExecutionContext.execute(MavenExecutionContext.java:278)
	at org.eclipse.m2e.core.internal.project.registry.ProjectRegistryRefreshJob.run(ProjectRegistryRefreshJob.java:106)
	at org.eclipse.core.internal.jobs.Worker.run(Worker.java:63)
2025-04-17 20:59:08,966 [Worker-45: Updating Maven Dependencies] ERROR o.e.m.j.i.l.MavenLaunchConfigurationListener - Launch configuration globalRunner references closed project capston
org.eclipse.core.runtime.CoreException: Launch configuration globalRunner references closed project capston
	at org.eclipse.jdt.launching.JavaRuntime.abort(JavaRuntime.java:1870)
	at org.eclipse.jdt.launching.JavaRuntime.getJavaProject(JavaRuntime.java:1744)
	at org.eclipse.m2e.jdt.internal.launch.MavenLaunchConfigurationListener.updateLaunchConfiguration(MavenLaunchConfigurationListener.java:66)
	at org.eclipse.m2e.jdt.internal.launch.MavenLaunchConfigurationListener.launchConfigurationChanged(MavenLaunchConfigurationListener.java:52)
	at org.eclipse.debug.internal.core.LaunchManager$ConfigurationNotifier.run(LaunchManager.java:219)
	at org.eclipse.core.runtime.SafeRunner.run(SafeRunner.java:47)
	at org.eclipse.debug.internal.core.LaunchManager$ConfigurationNotifier.notify(LaunchManager.java:203)
	at org.eclipse.debug.internal.core.LaunchManager.launchConfigurationChanged(LaunchManager.java:1960)
	at org.eclipse.debug.internal.core.LaunchConfigurationWorkingCopy.writeNewFile(LaunchConfigurationWorkingCopy.java:380)
	at org.eclipse.debug.internal.core.LaunchConfigurationWorkingCopy.doSave0(LaunchConfigurationWorkingCopy.java:259)
	at org.eclipse.debug.internal.core.LaunchConfigurationWorkingCopy.doSave(LaunchConfigurationWorkingCopy.java:229)
	at org.eclipse.debug.internal.core.LaunchConfigurationWorkingCopy.doSave(LaunchConfigurationWorkingCopy.java:187)
	at org.eclipse.m2e.jdt.internal.launch.MavenRuntimeClasspathProvider.disable(MavenRuntimeClasspathProvider.java:411)
	at org.eclipse.m2e.jdt.internal.launch.MavenRuntimeClasspathProvider.disable(MavenRuntimeClasspathProvider.java:435)
	at org.eclipse.m2e.jdt.internal.launch.MavenLaunchConfigurationListener.mavenProjectChanged(MavenLaunchConfigurationListener.java:137)
	at org.eclipse.m2e.core.internal.project.registry.ProjectRegistryManager.notifyProjectChangeListeners(ProjectRegistryManager.java:892)
	at org.eclipse.m2e.core.internal.project.registry.ProjectRegistryManager.applyMutableProjectRegistry(ProjectRegistryManager.java:1042)
	at org.eclipse.m2e.core.internal.project.registry.ProjectRegistryRefreshJob.lambda$0(ProjectRegistryRefreshJob.java:162)
	at org.eclipse.m2e.core.internal.embedder.MavenExecutionContext.executeBare(MavenExecutionContext.java:458)
	at org.eclipse.m2e.core.internal.embedder.MavenExecutionContext.execute(MavenExecutionContext.java:339)
	at org.eclipse.m2e.core.internal.embedder.MavenExecutionContext.execute(MavenExecutionContext.java:278)
	at org.eclipse.m2e.core.internal.project.registry.ProjectRegistryRefreshJob.run(ProjectRegistryRefreshJob.java:106)
	at org.eclipse.core.internal.jobs.Worker.run(Worker.java:63)
2025-04-17 20:59:08,969 [Worker-45: Updating Maven Dependencies] ERROR o.e.m.j.i.l.MavenLaunchConfigurationListener - Launch configuration dateFunctions references closed project capston
org.eclipse.core.runtime.CoreException: Launch configuration dateFunctions references closed project capston
	at org.eclipse.jdt.launching.JavaRuntime.abort(JavaRuntime.java:1870)
	at org.eclipse.jdt.launching.JavaRuntime.getJavaProject(JavaRuntime.java:1744)
	at org.eclipse.m2e.jdt.internal.launch.MavenLaunchConfigurationListener.updateLaunchConfiguration(MavenLaunchConfigurationListener.java:66)
	at org.eclipse.m2e.jdt.internal.launch.MavenLaunchConfigurationListener.launchConfigurationChanged(MavenLaunchConfigurationListener.java:52)
	at org.eclipse.debug.internal.core.LaunchManager$ConfigurationNotifier.run(LaunchManager.java:219)
	at org.eclipse.core.runtime.SafeRunner.run(SafeRunner.java:47)
	at org.eclipse.debug.internal.core.LaunchManager$ConfigurationNotifier.notify(LaunchManager.java:203)
	at org.eclipse.debug.internal.core.LaunchConfigurationWorkingCopy.setDirty(LaunchConfigurationWorkingCopy.java:527)
	at org.eclipse.debug.internal.core.LaunchConfigurationWorkingCopy.setAttribute(LaunchConfigurationWorkingCopy.java:415)
	at org.eclipse.m2e.jdt.internal.launch.MavenRuntimeClasspathProvider.disable(MavenRuntimeClasspathProvider.java:409)
	at org.eclipse.m2e.jdt.internal.launch.MavenRuntimeClasspathProvider.disable(MavenRuntimeClasspathProvider.java:435)
	at org.eclipse.m2e.jdt.internal.launch.MavenLaunchConfigurationListener.mavenProjectChanged(MavenLaunchConfigurationListener.java:137)
	at org.eclipse.m2e.core.internal.project.registry.ProjectRegistryManager.notifyProjectChangeListeners(ProjectRegistryManager.java:892)
	at org.eclipse.m2e.core.internal.project.registry.ProjectRegistryManager.applyMutableProjectRegistry(ProjectRegistryManager.java:1042)
	at org.eclipse.m2e.core.internal.project.registry.ProjectRegistryRefreshJob.lambda$0(ProjectRegistryRefreshJob.java:162)
	at org.eclipse.m2e.core.internal.embedder.MavenExecutionContext.executeBare(MavenExecutionContext.java:458)
	at org.eclipse.m2e.core.internal.embedder.MavenExecutionContext.execute(MavenExecutionContext.java:339)
	at org.eclipse.m2e.core.internal.embedder.MavenExecutionContext.execute(MavenExecutionContext.java:278)
	at org.eclipse.m2e.core.internal.project.registry.ProjectRegistryRefreshJob.run(ProjectRegistryRefreshJob.java:106)
	at org.eclipse.core.internal.jobs.Worker.run(Worker.java:63)
2025-04-17 20:59:08,969 [Worker-45: Updating Maven Dependencies] ERROR o.e.m.j.i.l.MavenLaunchConfigurationListener - Launch configuration dateFunctions references closed project capston
org.eclipse.core.runtime.CoreException: Launch configuration dateFunctions references closed project capston
	at org.eclipse.jdt.launching.JavaRuntime.abort(JavaRuntime.java:1870)
	at org.eclipse.jdt.launching.JavaRuntime.getJavaProject(JavaRuntime.java:1744)
	at org.eclipse.m2e.jdt.internal.launch.MavenLaunchConfigurationListener.updateLaunchConfiguration(MavenLaunchConfigurationListener.java:66)
	at org.eclipse.m2e.jdt.internal.launch.MavenLaunchConfigurationListener.launchConfigurationChanged(MavenLaunchConfigurationListener.java:52)
	at org.eclipse.debug.internal.core.LaunchManager$ConfigurationNotifier.run(LaunchManager.java:219)
	at org.eclipse.core.runtime.SafeRunner.run(SafeRunner.java:47)
	at org.eclipse.debug.internal.core.LaunchManager$ConfigurationNotifier.notify(LaunchManager.java:203)
	at org.eclipse.debug.internal.core.LaunchConfigurationWorkingCopy.setDirty(LaunchConfigurationWorkingCopy.java:527)
	at org.eclipse.debug.internal.core.LaunchConfigurationWorkingCopy.setAttribute(LaunchConfigurationWorkingCopy.java:415)
	at org.eclipse.m2e.jdt.internal.launch.MavenRuntimeClasspathProvider.disable(MavenRuntimeClasspathProvider.java:410)
	at org.eclipse.m2e.jdt.internal.launch.MavenRuntimeClasspathProvider.disable(MavenRuntimeClasspathProvider.java:435)
	at org.eclipse.m2e.jdt.internal.launch.MavenLaunchConfigurationListener.mavenProjectChanged(MavenLaunchConfigurationListener.java:137)
	at org.eclipse.m2e.core.internal.project.registry.ProjectRegistryManager.notifyProjectChangeListeners(ProjectRegistryManager.java:892)
	at org.eclipse.m2e.core.internal.project.registry.ProjectRegistryManager.applyMutableProjectRegistry(ProjectRegistryManager.java:1042)
	at org.eclipse.m2e.core.internal.project.registry.ProjectRegistryRefreshJob.lambda$0(ProjectRegistryRefreshJob.java:162)
	at org.eclipse.m2e.core.internal.embedder.MavenExecutionContext.executeBare(MavenExecutionContext.java:458)
	at org.eclipse.m2e.core.internal.embedder.MavenExecutionContext.execute(MavenExecutionContext.java:339)
	at org.eclipse.m2e.core.internal.embedder.MavenExecutionContext.execute(MavenExecutionContext.java:278)
	at org.eclipse.m2e.core.internal.project.registry.ProjectRegistryRefreshJob.run(ProjectRegistryRefreshJob.java:106)
	at org.eclipse.core.internal.jobs.Worker.run(Worker.java:63)
2025-04-17 20:59:08,982 [Worker-45: Updating Maven Dependencies] ERROR o.e.m.j.i.l.MavenLaunchConfigurationListener - Launch configuration dateFunctions references closed project capston
org.eclipse.core.runtime.CoreException: Launch configuration dateFunctions references closed project capston
	at org.eclipse.jdt.launching.JavaRuntime.abort(JavaRuntime.java:1870)
	at org.eclipse.jdt.launching.JavaRuntime.getJavaProject(JavaRuntime.java:1744)
	at org.eclipse.m2e.jdt.internal.launch.MavenLaunchConfigurationListener.updateLaunchConfiguration(MavenLaunchConfigurationListener.java:66)
	at org.eclipse.m2e.jdt.internal.launch.MavenLaunchConfigurationListener.launchConfigurationChanged(MavenLaunchConfigurationListener.java:52)
	at org.eclipse.debug.internal.core.LaunchManager$ConfigurationNotifier.run(LaunchManager.java:219)
	at org.eclipse.core.runtime.SafeRunner.run(SafeRunner.java:47)
	at org.eclipse.debug.internal.core.LaunchManager$ConfigurationNotifier.notify(LaunchManager.java:203)
	at org.eclipse.debug.internal.core.LaunchManager.launchConfigurationChanged(LaunchManager.java:1960)
	at org.eclipse.debug.internal.core.LaunchConfigurationWorkingCopy.writeNewFile(LaunchConfigurationWorkingCopy.java:380)
	at org.eclipse.debug.internal.core.LaunchConfigurationWorkingCopy.doSave0(LaunchConfigurationWorkingCopy.java:259)
	at org.eclipse.debug.internal.core.LaunchConfigurationWorkingCopy.doSave(LaunchConfigurationWorkingCopy.java:229)
	at org.eclipse.debug.internal.core.LaunchConfigurationWorkingCopy.doSave(LaunchConfigurationWorkingCopy.java:187)
	at org.eclipse.m2e.jdt.internal.launch.MavenRuntimeClasspathProvider.disable(MavenRuntimeClasspathProvider.java:411)
	at org.eclipse.m2e.jdt.internal.launch.MavenRuntimeClasspathProvider.disable(MavenRuntimeClasspathProvider.java:435)
	at org.eclipse.m2e.jdt.internal.launch.MavenLaunchConfigurationListener.mavenProjectChanged(MavenLaunchConfigurationListener.java:137)
	at org.eclipse.m2e.core.internal.project.registry.ProjectRegistryManager.notifyProjectChangeListeners(ProjectRegistryManager.java:892)
	at org.eclipse.m2e.core.internal.project.registry.ProjectRegistryManager.applyMutableProjectRegistry(ProjectRegistryManager.java:1042)
	at org.eclipse.m2e.core.internal.project.registry.ProjectRegistryRefreshJob.lambda$0(ProjectRegistryRefreshJob.java:162)
	at org.eclipse.m2e.core.internal.embedder.MavenExecutionContext.executeBare(MavenExecutionContext.java:458)
	at org.eclipse.m2e.core.internal.embedder.MavenExecutionContext.execute(MavenExecutionContext.java:339)
	at org.eclipse.m2e.core.internal.embedder.MavenExecutionContext.execute(MavenExecutionContext.java:278)
	at org.eclipse.m2e.core.internal.project.registry.ProjectRegistryRefreshJob.run(ProjectRegistryRefreshJob.java:106)
	at org.eclipse.core.internal.jobs.Worker.run(Worker.java:63)
2025-04-17 20:59:13,737 [Worker-54: Building] INFO  o.e.m.c.i.l.LifecycleMappingFactory - Using org.eclipse.m2e.jdt.JarLifecycleMapping lifecycle mapping for MavenProject: capstonProject_SA2411063:capston:0.0.1-SNAPSHOT @ /Volumes/Renuka/Training_Materials/SA2411063_CapstoneProjects/capston/pom.xml.
2025-04-17 20:59:15,341 [Worker-54: Building] INFO  o.a.m.s.f.DefaultMavenResourcesFiltering - Copying 0 resource from src/main/resources to target/classes
2025-04-17 20:59:15,357 [Worker-54: Building] INFO  o.a.m.s.f.DefaultMavenResourcesFiltering - Copying 2 resources from src/test/resources to target/test-classes
2025-04-17 20:59:16,258 [Worker-56: Updating Maven Dependencies] INFO  o.e.m.c.i.l.LifecycleMappingFactory - Using org.eclipse.m2e.jdt.JarLifecycleMapping lifecycle mapping for MavenProject: capstonProject_SA2411063:capston:0.0.1-SNAPSHOT @ /Volumes/Renuka/Training_Materials/SA2411063_CapstoneProjects/capston/pom.xml.
2025-04-17 21:04:49,142 [Worker-45: Building] INFO  o.a.m.s.f.DefaultMavenResourcesFiltering - Copying 0 resource from src/main/resources to target/classes
2025-04-17 21:04:49,166 [Worker-45: Building] INFO  o.a.m.s.f.DefaultMavenResourcesFiltering - Copying 0 resource from src/test/resources to target/test-classes
2025-04-17 21:07:17,649 [Worker-58: Building] INFO  o.a.m.s.f.DefaultMavenResourcesFiltering - Copying 0 resource from src/main/resources to target/classes
2025-04-17 21:07:17,658 [Worker-58: Building] INFO  o.a.m.s.f.DefaultMavenResourcesFiltering - Copying 0 resource from src/test/resources to target/test-classes
2025-04-17 21:07:25,695 [Worker-59: Building] INFO  o.a.m.s.f.DefaultMavenResourcesFiltering - Copying 0 resource from src/main/resources to target/classes
2025-04-17 21:07:25,707 [Worker-59: Building] INFO  o.a.m.s.f.DefaultMavenResourcesFiltering - Copying 0 resource from src/test/resources to target/test-classes
2025-04-17 21:08:15,087 [Worker-56: Building] INFO  o.a.m.s.f.DefaultMavenResourcesFiltering - Copying 0 resource from src/main/resources to target/classes
2025-04-17 21:08:15,096 [Worker-56: Building] INFO  o.a.m.s.f.DefaultMavenResourcesFiltering - Copying 0 resource from src/test/resources to target/test-classes
2025-04-17 21:10:01,666 [Worker-59: Building] INFO  o.a.m.s.f.DefaultMavenResourcesFiltering - Copying 0 resource from src/main/resources to target/classes
2025-04-17 21:10:01,675 [Worker-59: Building] INFO  o.a.m.s.f.DefaultMavenResourcesFiltering - Copying 0 resource from src/test/resources to target/test-classes
2025-04-17 21:11:33,587 [Worker-54: Building] INFO  o.a.m.s.f.DefaultMavenResourcesFiltering - Copying 0 resource from src/main/resources to target/classes
2025-04-17 21:11:33,595 [Worker-54: Building] INFO  o.a.m.s.f.DefaultMavenResourcesFiltering - Copying 0 resource from src/test/resources to target/test-classes
2025-04-17 21:11:51,506 [Worker-54: Building] INFO  o.a.m.s.f.DefaultMavenResourcesFiltering - Copying 0 resource from src/main/resources to target/classes
2025-04-17 21:11:51,511 [Worker-54: Building] INFO  o.a.m.s.f.DefaultMavenResourcesFiltering - Copying 0 resource from src/test/resources to target/test-classes
2025-04-17 21:13:00,654 [Worker-54: Building] INFO  o.a.m.s.f.DefaultMavenResourcesFiltering - Copying 0 resource from src/main/resources to target/classes
2025-04-17 21:13:00,657 [Worker-54: Building] INFO  o.a.m.s.f.DefaultMavenResourcesFiltering - Copying 0 resource from src/test/resources to target/test-classes
2025-04-17 21:15:10,717 [Worker-56: Building] INFO  o.a.m.s.f.DefaultMavenResourcesFiltering - Copying 0 resource from src/main/resources to target/classes
2025-04-17 21:15:10,728 [Worker-56: Building] INFO  o.a.m.s.f.DefaultMavenResourcesFiltering - Copying 0 resource from src/test/resources to target/test-classes
2025-04-17 21:16:01,367 [Worker-59: Building] INFO  o.a.m.s.f.DefaultMavenResourcesFiltering - Copying 0 resource from src/main/resources to target/classes
2025-04-17 21:16:01,380 [Worker-59: Building] INFO  o.a.m.s.f.DefaultMavenResourcesFiltering - Copying 2 resources from src/test/resources to target/test-classes
2025-04-17 21:16:09,096 [Worker-45: Building] INFO  o.a.m.s.f.DefaultMavenResourcesFiltering - Copying 0 resource from src/main/resources to target/classes
2025-04-17 21:16:09,098 [Worker-45: Building] INFO  o.a.m.s.f.DefaultMavenResourcesFiltering - Copying 2 resources from src/test/resources to target/test-classes
2025-04-17 21:17:53,240 [Worker-59: Building] INFO  o.a.m.s.f.DefaultMavenResourcesFiltering - Copying 0 resource from src/main/resources to target/classes
2025-04-17 21:17:53,249 [Worker-59: Building] INFO  o.a.m.s.f.DefaultMavenResourcesFiltering - Copying 1 resource from src/test/resources to target/test-classes
2025-04-17 21:19:49,434 [Worker-59: Building] INFO  o.a.m.s.f.DefaultMavenResourcesFiltering - Copying 0 resource from src/main/resources to target/classes
2025-04-17 21:19:49,439 [Worker-59: Building] INFO  o.a.m.s.f.DefaultMavenResourcesFiltering - Copying 2 resources from src/test/resources to target/test-classes
2025-04-17 21:20:37,541 [Worker-8: Loading available Gradle versions] INFO  o.e.b.c.i.u.g.PublishedGradleVersions - Gradle version information cache is up-to-date. Trying to read.
2025-04-17 21:20:52,143 [Worker-5: Building] INFO  o.a.m.s.f.DefaultMavenResourcesFiltering - Copying 0 resource from src/main/resources to target/classes
2025-04-17 21:20:52,176 [Worker-5: Building] INFO  o.a.m.s.f.DefaultMavenResourcesFiltering - Copying 2 resources from src/test/resources to target/test-classes
2025-04-17 22:21:07,061 [Worker-4: Loading available Gradle versions] INFO  o.e.b.c.i.u.g.PublishedGradleVersions - Gradle version information cache is up-to-date. Trying to read.
2025-04-17 22:23:42,276 [Worker-44: Building] INFO  o.a.m.s.f.DefaultMavenResourcesFiltering - Copying 0 resource from src/main/resources to target/classes
2025-04-17 22:23:42,304 [Worker-44: Building] INFO  o.a.m.s.f.DefaultMavenResourcesFiltering - Copying 2 resources from src/test/resources to target/test-classes
2025-04-17 22:24:11,632 [Worker-54: Building] INFO  o.a.m.s.f.DefaultMavenResourcesFiltering - Copying 0 resource from src/main/resources to target/classes
2025-04-17 22:24:11,641 [Worker-54: Building] INFO  o.a.m.s.f.DefaultMavenResourcesFiltering - Copying 0 resource from src/test/resources to target/test-classes
2025-04-17 22:24:51,623 [Worker-58: Building] INFO  o.a.m.s.f.DefaultMavenResourcesFiltering - Copying 0 resource from src/main/resources to target/classes
2025-04-17 22:24:51,632 [Worker-58: Building] INFO  o.a.m.s.f.DefaultMavenResourcesFiltering - Copying 0 resource from src/test/resources to target/test-classes
2025-04-17 22:25:43,917 [Worker-48: Building] INFO  o.a.m.s.f.DefaultMavenResourcesFiltering - Copying 0 resource from src/main/resources to target/classes
2025-04-17 22:25:43,920 [Worker-48: Building] INFO  o.a.m.s.f.DefaultMavenResourcesFiltering - Copying 0 resource from src/test/resources to target/test-classes
2025-04-17 22:26:02,751 [Worker-55: Building] INFO  o.a.m.s.f.DefaultMavenResourcesFiltering - Copying 0 resource from src/main/resources to target/classes
2025-04-17 22:26:02,760 [Worker-55: Building] INFO  o.a.m.s.f.DefaultMavenResourcesFiltering - Copying 0 resource from src/test/resources to target/test-classes
2025-04-17 22:27:37,067 [Worker-52: Building] INFO  o.a.m.s.f.DefaultMavenResourcesFiltering - Copying 0 resource from src/main/resources to target/classes
2025-04-17 22:27:37,076 [Worker-52: Building] INFO  o.a.m.s.f.DefaultMavenResourcesFiltering - Copying 0 resource from src/test/resources to target/test-classes
2025-04-17 22:29:04,678 [Worker-56: Building] INFO  o.a.m.s.f.DefaultMavenResourcesFiltering - Copying 0 resource from src/main/resources to target/classes
2025-04-17 22:29:04,682 [Worker-56: Building] INFO  o.a.m.s.f.DefaultMavenResourcesFiltering - Copying 1 resource from src/test/resources to target/test-classes
2025-04-17 22:29:12,117 [Worker-56: Building] INFO  o.a.m.s.f.DefaultMavenResourcesFiltering - Copying 0 resource from src/main/resources to target/classes
2025-04-17 22:29:12,119 [Worker-56: Building] INFO  o.a.m.s.f.DefaultMavenResourcesFiltering - Copying 1 resource from src/test/resources to target/test-classes
2025-04-17 22:29:47,072 [Worker-48: Building] INFO  o.a.m.s.f.DefaultMavenResourcesFiltering - Copying 0 resource from src/main/resources to target/classes
2025-04-17 22:29:47,091 [Worker-48: Building] INFO  o.a.m.s.f.DefaultMavenResourcesFiltering - Copying 1 resource from src/test/resources to target/test-classes
2025-04-17 22:30:31,963 [Worker-48: Building] INFO  o.a.m.s.f.DefaultMavenResourcesFiltering - Copying 0 resource from src/main/resources to target/classes
2025-04-17 22:30:31,966 [Worker-48: Building] INFO  o.a.m.s.f.DefaultMavenResourcesFiltering - Copying 1 resource from src/test/resources to target/test-classes
2025-04-17 22:31:15,264 [Worker-50: Building] INFO  o.a.m.s.f.DefaultMavenResourcesFiltering - Copying 0 resource from src/main/resources to target/classes
2025-04-17 22:31:15,267 [Worker-50: Building] INFO  o.a.m.s.f.DefaultMavenResourcesFiltering - Copying 1 resource from src/test/resources to target/test-classes
2025-04-17 22:32:34,262 [Worker-53: Building] INFO  o.a.m.s.f.DefaultMavenResourcesFiltering - Copying 0 resource from src/main/resources to target/classes
2025-04-17 22:32:34,269 [Worker-53: Building] INFO  o.a.m.s.f.DefaultMavenResourcesFiltering - Copying 2 resources from src/test/resources to target/test-classes
2025-04-17 22:33:05,009 [Worker-53: Building] INFO  o.a.m.s.f.DefaultMavenResourcesFiltering - Copying 0 resource from src/main/resources to target/classes
2025-04-17 22:33:05,019 [Worker-53: Building] INFO  o.a.m.s.f.DefaultMavenResourcesFiltering - Copying 2 resources from src/test/resources to target/test-classes
2025-04-17 22:33:27,305 [Worker-48: Building] INFO  o.a.m.s.f.DefaultMavenResourcesFiltering - Copying 0 resource from src/main/resources to target/classes
2025-04-17 22:33:27,308 [Worker-48: Building] INFO  o.a.m.s.f.DefaultMavenResourcesFiltering - Copying 2 resources from src/test/resources to target/test-classes
2025-04-17 22:33:35,814 [Worker-50: Building] INFO  o.a.m.s.f.DefaultMavenResourcesFiltering - Copying 0 resource from src/main/resources to target/classes
2025-04-17 22:33:35,823 [Worker-50: Building] INFO  o.a.m.s.f.DefaultMavenResourcesFiltering - Copying 2 resources from src/test/resources to target/test-classes
2025-04-17 22:33:43,231 [Worker-55: Building] INFO  o.a.m.s.f.DefaultMavenResourcesFiltering - Copying 0 resource from src/main/resources to target/classes
2025-04-17 22:33:43,234 [Worker-55: Building] INFO  o.a.m.s.f.DefaultMavenResourcesFiltering - Copying 0 resource from src/test/resources to target/test-classes
2025-04-17 22:33:50,315 [Worker-43: Building] INFO  o.a.m.s.f.DefaultMavenResourcesFiltering - Copying 0 resource from src/main/resources to target/classes
2025-04-17 22:33:50,325 [Worker-43: Building] INFO  o.a.m.s.f.DefaultMavenResourcesFiltering - Copying 0 resource from src/test/resources to target/test-classes
2025-04-19 12:39:26,165 [Worker-63: Building] INFO  o.a.m.s.f.DefaultMavenResourcesFiltering - Copying 0 resource from src/main/resources to target/classes
2025-04-19 12:39:26,174 [Worker-63: Building] INFO  o.a.m.s.f.DefaultMavenResourcesFiltering - Copying 2 resources from src/test/resources to target/test-classes
2025-04-19 12:40:22,096 [Worker-61: Building] INFO  o.a.m.s.f.DefaultMavenResourcesFiltering - Copying 0 resource from src/main/resources to target/classes
2025-04-19 12:40:22,104 [Worker-61: Building] INFO  o.a.m.s.f.DefaultMavenResourcesFiltering - Copying 2 resources from src/test/resources to target/test-classes
2025-04-19 12:41:14,405 [Worker-63: Building] INFO  o.a.m.s.f.DefaultMavenResourcesFiltering - Copying 0 resource from src/main/resources to target/classes
2025-04-19 12:41:14,410 [Worker-63: Building] INFO  o.a.m.s.f.DefaultMavenResourcesFiltering - Copying 0 resource from src/test/resources to target/test-classes
2025-04-19 12:42:08,977 [Worker-66: Building] INFO  o.a.m.s.f.DefaultMavenResourcesFiltering - Copying 0 resource from src/main/resources to target/classes
2025-04-19 12:42:08,983 [Worker-66: Building] INFO  o.a.m.s.f.DefaultMavenResourcesFiltering - Copying 0 resource from src/test/resources to target/test-classes
2025-04-19 12:43:19,971 [Worker-65: Building] INFO  o.a.m.s.f.DefaultMavenResourcesFiltering - Copying 0 resource from src/main/resources to target/classes
2025-04-19 12:43:19,979 [Worker-65: Building] INFO  o.a.m.s.f.DefaultMavenResourcesFiltering - Copying 0 resource from src/test/resources to target/test-classes
2025-04-19 12:43:53,656 [Worker-65: Building] INFO  o.a.m.s.f.DefaultMavenResourcesFiltering - Copying 0 resource from src/main/resources to target/classes
2025-04-19 12:43:53,657 [Worker-65: Building] INFO  o.a.m.s.f.DefaultMavenResourcesFiltering - Copying 0 resource from src/test/resources to target/test-classes
2025-04-19 12:43:57,322 [Worker-64: Building] INFO  o.a.m.s.f.DefaultMavenResourcesFiltering - Copying 0 resource from src/main/resources to target/classes
2025-04-19 12:43:57,330 [Worker-64: Building] INFO  o.a.m.s.f.DefaultMavenResourcesFiltering - Copying 0 resource from src/test/resources to target/test-classes
2025-04-19 12:44:15,658 [Worker-62: Building] INFO  o.a.m.s.f.DefaultMavenResourcesFiltering - Copying 0 resource from src/main/resources to target/classes
2025-04-19 12:44:15,659 [Worker-62: Building] INFO  o.a.m.s.f.DefaultMavenResourcesFiltering - Copying 0 resource from src/test/resources to target/test-classes
2025-04-19 12:45:28,935 [Worker-61: Building] INFO  o.a.m.s.f.DefaultMavenResourcesFiltering - Copying 0 resource from src/main/resources to target/classes
2025-04-19 12:45:28,939 [Worker-61: Building] INFO  o.a.m.s.f.DefaultMavenResourcesFiltering - Copying 0 resource from src/test/resources to target/test-classes
2025-04-19 12:46:31,068 [Worker-66: Building] INFO  o.a.m.s.f.DefaultMavenResourcesFiltering - Copying 0 resource from src/main/resources to target/classes
2025-04-19 12:46:31,082 [Worker-66: Building] INFO  o.a.m.s.f.DefaultMavenResourcesFiltering - Copying 0 resource from src/test/resources to target/test-classes
2025-04-19 12:46:41,961 [Worker-65: Building] INFO  o.a.m.s.f.DefaultMavenResourcesFiltering - Copying 0 resource from src/main/resources to target/classes
2025-04-19 12:46:41,964 [Worker-65: Building] INFO  o.a.m.s.f.DefaultMavenResourcesFiltering - Copying 0 resource from src/test/resources to target/test-classes
2025-04-19 12:48:35,210 [Worker-61: Building] INFO  o.a.m.s.f.DefaultMavenResourcesFiltering - Copying 0 resource from src/main/resources to target/classes
2025-04-19 12:48:35,216 [Worker-61: Building] INFO  o.a.m.s.f.DefaultMavenResourcesFiltering - Copying 2 resources from src/test/resources to target/test-classes
2025-04-19 12:49:00,091 [Worker-62: Building] INFO  o.a.m.s.f.DefaultMavenResourcesFiltering - Copying 0 resource from src/main/resources to target/classes
2025-04-19 12:49:00,099 [Worker-62: Building] INFO  o.a.m.s.f.DefaultMavenResourcesFiltering - Copying 2 resources from src/test/resources to target/test-classes
2025-04-19 12:49:32,598 [Worker-67: Building] INFO  o.a.m.s.f.DefaultMavenResourcesFiltering - Copying 0 resource from src/main/resources to target/classes
2025-04-19 12:49:32,600 [Worker-67: Building] INFO  o.a.m.s.f.DefaultMavenResourcesFiltering - Copying 0 resource from src/test/resources to target/test-classes
2025-04-19 12:59:58,477 [Worker-71: Building] INFO  o.a.m.s.f.DefaultMavenResourcesFiltering - Copying 0 resource from src/main/resources to target/classes
2025-04-19 12:59:58,486 [Worker-71: Building] INFO  o.a.m.s.f.DefaultMavenResourcesFiltering - Copying 0 resource from src/test/resources to target/test-classes
2025-04-19 13:02:52,419 [Worker-63: Building] INFO  o.a.m.s.f.DefaultMavenResourcesFiltering - Copying 0 resource from src/main/resources to target/classes
2025-04-19 13:02:52,423 [Worker-63: Building] INFO  o.a.m.s.f.DefaultMavenResourcesFiltering - Copying 0 resource from src/test/resources to target/test-classes
2025-04-19 13:03:08,349 [Worker-63: Building] INFO  o.a.m.s.f.DefaultMavenResourcesFiltering - Copying 0 resource from src/main/resources to target/classes
2025-04-19 13:03:08,350 [Worker-63: Building] INFO  o.a.m.s.f.DefaultMavenResourcesFiltering - Copying 0 resource from src/test/resources to target/test-classes
2025-04-19 13:03:28,458 [Worker-72: Building] INFO  o.a.m.s.f.DefaultMavenResourcesFiltering - Copying 0 resource from src/main/resources to target/classes
2025-04-19 13:03:28,460 [Worker-72: Building] INFO  o.a.m.s.f.DefaultMavenResourcesFiltering - Copying 0 resource from src/test/resources to target/test-classes
2025-04-19 13:07:00,386 [Worker-72: Building] INFO  o.a.m.s.f.DefaultMavenResourcesFiltering - Copying 0 resource from src/main/resources to target/classes
2025-04-19 13:07:00,388 [Worker-72: Building] INFO  o.a.m.s.f.DefaultMavenResourcesFiltering - Copying 2 resources from src/test/resources to target/test-classes
